date,commits_and_issues
'2018-01-01 00:00:00',0
'2018-01-01 00:00:00',0
'2018-01-01 00:00:00',0
'2018-01-01 00:00:00',0
'2018-01-01 00:00:00',0
'2018-01-01 00:00:00',0
'2018-01-01 00:00:00',0
'2018-01-01 00:00:00',1
'2018-01-01 00:00:00',1
'2018-01-01 00:00:00',1
'2018-01-01 00:00:00',1
'2018-01-01 00:00:00',1
'2018-01-01 00:00:00',1
'2018-01-01 00:00:00',1
'2018-01-01 00:00:00',1
'2018-01-01 00:00:00',1
'2018-01-01 00:00:00',2
'2018-01-01 00:00:00',2
'2018-01-01 00:00:00',2
'2018-01-01 00:00:00',3
'2018-01-01 00:00:00',4
'2018-01-01 00:00:00',4
'2018-01-01 00:00:00',4
'2018-01-01 00:00:00',4
'2018-01-01 00:00:00',5
'2018-01-01 00:00:00',5
'2018-01-01 00:00:00',5
'2018-01-01 00:00:00',5
'2018-01-01 00:00:00',5
'2018-01-01 00:00:00',5
'2018-01-01 00:00:00',5
'2018-01-01 00:00:00',6
'2018-01-01 00:00:00',7
'2018-01-01 00:00:00',8
'2018-01-01 00:00:00',8
'2018-01-01 00:00:00',8
'2018-01-01 00:00:00',9
'2018-01-01 00:00:00',9
'2018-01-01 00:00:00',9
'2018-01-01 00:00:00',9
'2018-01-01 00:00:00',9
'2018-01-01 00:00:00',9
'2018-01-01 00:00:00',9
'2018-01-01 00:00:00',9
'2018-01-01 00:00:00',10
'2018-01-01 00:00:00',10
'2018-01-01 00:00:00',10
'2018-01-01 00:00:00',10
'2018-01-01 00:00:00',10
'2018-01-01 00:00:00',11
'2018-01-01 00:00:00',11
'2018-01-01 00:00:00',12
'2018-01-01 00:00:00',12
'2018-01-01 00:00:00',12
'2018-01-01 00:00:00',12
'2018-01-01 00:00:00',12
'2018-01-01 00:00:00',12
'2018-01-01 00:00:00',12
'2018-01-01 00:00:00',12
'2018-01-01 00:00:00',12
'2018-01-01 00:00:00',12
'2018-01-01 00:00:00',12
'2018-01-01 00:00:00',12
'2018-01-01 00:00:00',13
'2018-01-01 00:00:00',13
'2018-01-01 00:00:00',13
'2018-01-01 00:00:00',13
'2018-01-01 00:00:00',13
'2018-01-01 00:00:00',13
'2018-01-01 00:00:00',13
'2018-01-01 00:00:00',13
'2018-01-01 00:00:00',14
'2018-01-01 00:00:00',14
'2018-01-01 00:00:00',14
'2018-01-01 00:00:00',15
'2018-01-01 00:00:00',15
'2018-01-01 00:00:00',16
'2018-01-01 00:00:00',16
'2018-01-01 00:00:00',16
'2018-01-01 00:00:00',16
'2018-01-01 00:00:00',16
'2018-01-01 00:00:00',16
'2018-01-01 00:00:00',16
'2018-01-01 00:00:00',16
'2018-01-01 00:00:00',16
'2018-01-01 00:00:00',16
'2018-01-01 00:00:00',16
'2018-01-01 00:00:00',16
'2018-01-01 00:00:00',16
'2018-01-01 00:00:00',16
'2018-01-01 00:00:00',17
'2018-01-01 00:00:00',18
'2018-01-01 00:00:00',19
'2018-01-01 00:00:00',20
'2018-01-01 00:00:00',21
'2018-01-01 00:00:00',22
'2018-01-01 00:00:00',23
'2018-01-01 00:00:00',23
'2018-01-01 00:00:00',24
'2018-01-01 00:00:00',25
'2018-01-01 00:00:00',26
'2018-01-01 00:00:00',27
'2018-01-01 00:00:00',28
'2018-01-01 00:00:00',29
'2018-01-01 00:00:00',30
'2018-01-01 00:00:00',31
'2018-01-01 00:00:00',32
'2018-01-01 00:00:00',33
'2018-01-01 00:00:00',34
'2018-01-01 00:00:00',35
'2018-01-01 00:00:00',36
'2018-01-01 00:00:00',37
'2018-01-01 00:00:00',38
'2018-01-01 00:00:00',39
'2018-01-01 00:00:00',40
'2018-01-01 00:00:00',41
'2018-01-01 00:00:00',42
'2018-01-01 00:00:00',43
'2018-01-01 00:00:00',44
'2018-01-01 00:00:00',45
'2018-01-01 00:00:00',46
'2018-01-01 00:00:00',46
'2018-01-01 00:00:00',47
'2018-01-01 00:00:00',48
'2018-01-01 00:00:00',49
'2018-01-01 00:00:00',50
'2018-01-01 00:00:00',51
'2018-01-01 00:00:00',52
'2018-01-01 00:00:00',53
'2018-01-01 00:00:00',53
'2018-01-01 00:00:00',54
'2018-01-01 00:00:00',55
'2018-01-01 00:00:00',56
'2018-01-01 00:00:00',57
'2018-01-01 00:00:00',58
'2018-01-01 00:00:00',59
'2018-01-01 00:00:00',60
'2018-01-01 00:00:00',61
'2018-01-01 00:00:00',62
'2018-01-01 00:00:00',63
'2018-01-01 00:00:00',64
'2018-01-01 00:00:00',65
'2018-01-01 00:00:00',66
'2018-01-01 00:00:00',67
'2018-01-01 00:00:00',68
'2018-01-01 00:00:00',69
'2018-01-01 00:00:00',70
'2018-01-01 00:00:00',71
'2018-01-01 00:00:00',72
'2018-01-01 00:00:00',73
'2018-01-01 00:00:00',73
'2018-01-01 00:00:00',74
'2018-01-01 00:00:00',75
'2018-01-01 00:00:00',75
'2018-01-01 00:00:00',76
'2018-01-01 00:00:00',77
'2018-01-01 00:00:00',78
'2018-01-01 00:00:00',79
'2018-01-01 00:00:00',80
'2018-01-01 00:00:00',81
'2018-01-01 00:00:00',82
'2018-01-01 00:00:00',83
'2018-01-01 00:00:00',84
'2018-01-10 12:47:11',85
'2018-02-11 00:00:00',86
'2018-02-11 00:00:00',87
'2018-02-11 00:00:00',88
'2018-02-11 00:00:00',89
'2018-02-11 00:00:00',90
'2018-02-11 00:00:00',91
'2018-02-11 00:00:00',92
'2018-02-11 00:00:00',93
'2018-02-11 00:00:00',94
'2018-02-11 00:00:00',95
'2018-02-11 00:00:00',96
'2018-02-11 00:00:00',97
'2018-02-11 00:00:00',98
'2018-02-11 00:00:00',99
'2018-02-11 00:00:00',100
'2018-02-11 00:00:00',101
'2018-02-11 00:00:00',101
'2018-02-11 00:00:00',102
'2018-02-11 00:00:00',102
'2018-02-11 00:00:00',103
'2018-02-11 00:00:00',104
'2018-02-12 22:55:08',105
'2018-02-12 22:55:08',105
'2018-02-12 22:55:08',105
'2018-02-13 10:51:48',106
'2018-02-13 10:51:48',107
'2018-02-13 17:22:50',107
'2018-02-18 00:00:00',107
'2018-02-18 00:00:00',107
'2018-02-18 00:00:00',108
'2018-02-18 00:00:00',109
'2018-02-18 00:00:00',110
'2018-02-18 09:48:51',110
'2018-02-23 12:17:04',110
'2018-02-23 12:17:04',110
'2018-02-27 12:47:35',111
'2018-03-11 00:00:00',112
'2018-03-11 00:00:00',113
'2018-03-11 00:00:00',114
'2018-03-11 00:00:00',115
'2018-03-11 00:00:00',116
'2018-03-11 00:00:00',117
'2018-03-11 00:00:00',118
'2018-04-11 09:02:50',119
'2018-04-15 00:00:00',120
'2018-04-15 00:00:00',121
'2018-04-15 00:00:00',122
'2018-04-15 00:00:00',123
'2018-04-15 00:00:00',124
'2018-04-15 00:00:00',125
'2018-04-15 00:00:00',126
'2018-04-15 00:00:00',127
'2018-04-15 00:00:00',128
'2018-04-15 00:00:00',129
'2018-04-15 00:00:00',130
'2018-04-15 00:00:00',131
'2018-04-15 00:00:00',132
'2018-04-15 00:00:00',133
'2018-04-15 00:00:00',134
'2018-04-15 00:00:00',135
'2018-04-15 00:00:00',136
'2018-04-15 00:00:00',137
'2018-04-15 00:00:00',138
'2018-04-15 00:00:00',139
'2018-04-15 00:00:00',140
'2018-04-15 00:00:00',141
'2018-04-15 00:00:00',142
'2018-04-15 00:00:00',143
'2018-04-15 00:00:00',144
'2018-04-15 00:00:00',145
'2018-04-15 00:00:00',146
'2018-04-15 00:00:00',147
'2018-04-15 00:00:00',148
'2018-04-15 00:00:00',149
'2018-04-15 00:00:00',150
'2018-04-15 00:00:00',151
'2018-04-15 00:00:00',152
'2018-04-15 00:00:00',153
'2018-04-15 00:00:00',154
'2018-04-15 00:00:00',155
'2018-04-15 00:00:00',156
'2018-04-15 00:00:00',157
'2018-04-15 00:00:00',158
'2018-04-15 00:00:00',159
'2018-04-15 00:00:00',160
'2018-04-15 00:00:00',161
'2018-04-15 00:00:00',162
'2018-04-15 00:00:00',163
'2018-04-15 00:00:00',164
'2018-04-15 00:00:00',165
'2018-04-15 00:00:00',166
'2018-04-15 00:00:00',167
'2018-04-15 00:00:00',168
'2018-04-15 00:00:00',169
'2018-04-15 00:00:00',170
'2018-04-15 00:00:00',171
'2018-04-15 00:00:00',172
'2018-04-15 00:00:00',173
'2018-04-15 00:00:00',174
'2018-04-15 00:00:00',175
'2018-04-15 00:00:00',176
'2018-04-15 00:00:00',177
'2018-04-15 00:00:00',178
'2018-04-15 00:00:00',179
'2018-04-15 00:00:00',180
'2018-04-15 00:00:00',181
'2018-04-15 00:00:00',182
'2018-04-15 00:00:00',183
'2018-04-15 00:00:00',184
'2018-04-15 00:00:00',185
'2018-04-15 00:00:00',186
'2018-04-15 00:00:00',187
'2018-04-15 00:00:00',188
'2018-04-25 13:08:25',188
'2018-05-07 12:38:53',188
'2018-05-07 12:38:53',189
'2018-05-07 12:38:53',189
'2018-05-07 12:38:53',189
'2018-05-07 12:38:53',189
'2018-05-07 12:38:53',189
'2018-05-07 12:38:53',189
'2018-05-07 12:38:53',190
'2018-05-07 12:38:53',190
'2018-05-07 12:38:53',190
'2018-05-07 12:38:53',190
'2018-05-07 12:38:53',190
'2018-05-07 12:38:53',190
'2018-05-07 12:38:53',190
'2018-05-07 12:38:53',190
'2018-05-07 12:38:53',190
'2018-05-07 12:38:53',190
'2018-05-07 12:38:53',190
'2018-05-07 12:38:53',190
'2018-05-07 12:38:53',190
'2018-05-07 12:38:53',190
'2018-05-07 12:38:53',190
'2018-05-07 12:38:53',190
'2018-05-07 12:38:53',190
'2018-05-07 12:38:53',191
'2018-05-07 12:38:53',191
'2018-05-07 12:38:53',191
'2018-05-07 12:38:53',191
'2018-05-07 12:38:53',191
'2018-05-07 12:38:53',191
'2018-05-07 12:38:53',191
'2018-05-07 12:38:53',191
'2018-05-07 12:38:53',191
'2018-05-07 12:38:53',191
'2018-05-07 12:38:53',191
'2018-05-07 12:38:53',191
'2018-05-07 12:38:53',191
'2018-05-07 12:38:53',191
'2018-05-07 12:38:53',192
'2018-05-07 12:38:53',192
'2018-05-07 12:38:53',192
'2018-05-07 12:38:53',192
'2018-05-07 12:38:53',192
'2018-05-07 12:38:53',192
'2018-05-07 12:38:53',192
'2018-05-07 12:38:53',192
'2018-05-07 12:38:53',192
'2018-05-07 12:38:53',192
'2018-05-07 12:38:53',192
'2018-05-07 12:38:53',192
'2018-05-07 12:38:53',192
'2018-05-07 12:38:53',192
'2018-05-07 12:38:53',192
'2018-05-07 12:38:53',192
'2018-05-07 12:38:53',192
'2018-05-07 12:38:53',192
'2018-05-07 12:38:53',192
'2018-05-07 12:38:53',192
'2018-05-07 12:38:53',193
'2018-05-07 12:38:53',194
'2018-05-07 12:38:53',194
'2018-05-07 12:38:53',195
'2018-05-07 12:38:53',195
'2018-05-07 12:38:53',195
'2018-05-07 12:38:53',196
'2018-05-07 12:38:53',197
'2018-05-07 12:38:53',197
'2018-05-07 12:38:53',198
'2018-05-07 12:38:53',199
'2018-05-07 12:38:53',200
'2018-05-07 12:38:53',200
'2018-05-07 12:38:53',200
'2018-05-07 12:38:53',201
'2018-05-07 12:38:53',201
'2018-05-07 12:38:53',201
'2018-05-07 12:38:53',202
'2018-05-07 12:38:53',202
'2018-05-07 12:38:53',203
'2018-05-07 12:38:53',204
'2018-05-07 12:38:53',205
'2018-05-07 12:38:53',206
'2018-05-07 12:38:53',207
'2018-05-07 12:38:53',207
'2018-05-07 12:38:53',208
'2018-05-07 12:38:53',209
'2018-05-07 12:38:53',209
'2018-05-07 12:38:53',210
'2018-05-07 12:38:53',211
'2018-05-07 12:38:53',212
'2018-05-07 12:38:53',213
'2018-05-07 12:38:53',213
'2018-05-07 12:38:53',213
'2018-05-07 12:38:53',213
'2018-05-07 12:38:53',214
'2018-05-07 12:38:53',215
'2018-05-07 12:38:53',216
'2018-05-20 00:00:00',217
'2018-05-20 00:00:00',218
'2018-05-23 08:54:43',218
'2018-05-27 00:00:00',219
'2018-05-27 00:00:00',220
'2018-05-28 10:25:49',220
'2018-05-28 10:25:49',220
'2018-05-28 14:50:01',220
'2018-06-03 00:00:00',221
'2018-06-03 00:00:00',222
'2018-06-03 00:00:00',223
'2018-06-03 00:00:00',224
'2018-06-03 00:00:00',225
'2018-06-03 00:00:00',226
'2018-06-03 15:58:20',227
'2018-06-10 00:00:00',228
'2018-06-11 15:58:17',228
'2018-06-11 15:58:17',228
'2018-06-14 02:23:54',228
'2018-06-14 02:23:54',228
'2018-06-14 19:39:36',228
'2018-06-22 20:03:30',228
'2018-07-06 11:56:42',228
'2018-07-11 04:04:54',228
'2018-07-16 12:21:07',229
'2018-07-17 23:51:54',229
'2018-07-30 13:57:03',230
'2018-08-07 11:45:18',231
'2018-08-07 11:45:18',232
'2018-08-09 13:38:11',233
'2018-08-14 12:16:49',234
'2018-08-14 12:16:49',234
'2018-08-20 20:21:00',235
'2018-08-20 20:22:15',236
'2018-08-21 08:25:19',236
'2018-08-22 17:45:19',236
'2018-08-28 08:11:30',237
'2018-08-28 08:11:30',237
'2018-08-28 08:11:30',238
'2018-09-06 13:54:41',238
'2018-09-06 13:54:41',238
'2018-09-09 00:00:00',239
'2018-09-11 10:45:12',239
'2018-09-11 11:27:39',239
'2018-09-16 00:00:00',240
'2018-09-16 00:00:00',241
'2018-09-16 00:00:00',242
'2018-09-17 11:09:06',242
'2018-09-20 10:02:55',242
'2018-09-20 20:50:48',243
'2018-09-23 00:00:00',244
'2018-09-23 00:00:00',245
'2018-09-23 00:00:00',246
'2018-10-05 10:38:27',247
'2018-10-05 10:38:27',248
'2018-10-05 10:38:27',249
'2018-10-05 13:45:49',249
'2018-10-05 15:10:45',249
'2018-10-08 01:15:59',249
'2018-10-08 01:56:57',249
'2018-10-09 18:08:45',249
'2018-10-10 17:19:02',249
'2018-10-10 17:19:02',249
'2018-10-10 18:41:05',249
'2018-10-10 20:37:58',249
'2018-10-14 00:00:00',250
'2018-10-18 08:00:07',250
'2018-10-21 00:00:00',251
'2018-10-21 00:00:00',252
'2018-10-21 00:00:00',253
'2018-10-21 00:00:00',254
'2018-10-21 00:00:00',255
'2018-10-22 11:56:40',255
'2018-10-22 14:50:05',255
'2018-10-23 08:25:41',256
'2018-10-25 21:47:47',256
'2018-10-25 21:47:47',256
'2018-10-29 20:23:04',256
'2018-10-31 08:33:58',256
'2018-11-06 08:11:19',257
'2018-11-11 00:00:00',257
'2018-11-14 09:34:37',257
'2018-11-14 09:41:17',258
'2018-11-18 00:00:00',259
'2018-11-18 00:00:00',260
'2018-11-18 00:00:00',261
'2018-11-18 00:00:00',262
'2018-11-18 00:00:00',263
'2018-11-18 00:00:00',264
'2018-11-18 00:00:00',265
'2018-11-18 00:00:00',266
'2018-11-18 00:00:00',267
'2018-11-18 00:00:00',268
'2018-11-18 00:00:00',269
'2018-11-18 00:00:00',270
'2018-11-18 00:00:00',271
'2018-11-18 00:00:00',272
'2018-11-18 00:00:00',273
'2018-11-18 00:00:00',274
'2018-11-18 00:00:00',275
'2018-11-18 00:00:00',276
'2018-11-18 00:00:00',277
'2018-11-18 00:00:00',278
'2018-11-18 00:00:00',279
'2018-11-18 00:00:00',280
'2018-11-18 00:00:00',281
'2018-11-18 00:00:00',282
'2018-11-18 00:00:00',283
'2018-11-18 00:00:00',284
'2018-11-18 00:00:00',285
'2018-11-18 00:00:00',286
'2018-11-18 00:00:00',287
'2018-11-18 00:00:00',288
'2018-11-18 00:00:00',289
'2018-11-18 00:00:00',290
'2018-11-18 00:00:00',291
'2018-11-18 00:00:00',292
'2018-11-18 00:00:00',293
'2018-11-18 00:00:00',294
'2018-11-18 00:00:00',295
'2018-11-18 00:00:00',296
'2018-11-18 00:00:00',297
'2018-11-18 00:00:00',298
'2018-11-18 00:00:00',299
'2018-11-18 00:00:00',300
'2018-11-18 00:00:00',301
'2018-11-21 10:00:06',301
'2018-11-22 18:31:22',301
'2018-11-25 00:00:00',302
'2018-12-04 09:12:07',302
'2018-12-10 13:21:41',302
'2018-12-12 15:25:29',302
'2018-12-18 13:34:31',302
'2019-01-11 12:54:58',302
'2019-01-18 19:14:20',302
'2019-01-24 12:07:51',303
'2019-01-30 11:00:48',303
'2019-01-30 11:44:22',303
'2019-01-30 18:33:38',304
'2019-01-30 18:33:38',304
'2019-01-31 10:26:39',304
'2019-02-13 15:25:01',304
'2019-02-14 14:10:30',304
'2019-02-17 14:39:08',304
'2019-02-18 19:59:38',304
'2019-02-19 11:40:28',305
'2019-02-19 11:40:28',305
'2019-02-19 16:01:23',305
'2019-02-21 10:45:11',305
'2019-02-25 10:50:05',305
'2019-02-26 17:28:20',305
'2019-03-01 09:47:48',305
'2019-03-03 00:00:00',306
'2019-03-03 00:00:00',307
'2019-03-03 00:00:00',308
'2019-03-03 00:00:00',309
'2019-03-05 08:48:16',309
'2019-03-07 10:26:01',309
'2019-03-10 00:00:00',310
'2019-03-10 00:00:00',311
'2019-03-10 00:00:00',312
'2019-03-10 00:00:00',313
'2019-03-10 00:00:00',314
'2019-03-10 00:00:00',315
'2019-03-10 00:00:00',316
'2019-03-10 00:00:00',317
'2019-03-10 00:00:00',318
'2019-03-10 00:00:00',319
'2019-03-13 12:57:38',319
'2019-03-18 20:24:59',319
'2019-03-24 00:00:00',320
'2019-03-24 00:00:00',320
'2019-03-25 15:26:13',320
'2019-03-29 11:01:22',320
'2019-04-02 08:27:18',320
'2019-04-07 00:00:00',320
'2019-04-07 00:00:00',321
'2019-04-07 00:00:00',322
'2019-04-07 00:00:00',323
'2019-04-08 03:04:13',323
'2019-04-09 07:06:35',323
'2019-04-09 21:56:40',323
'2019-04-10 14:52:44',323
'2019-04-10 18:01:46',323
'2019-04-12 13:17:59',323
'2019-04-15 11:55:25',323
'2019-04-28 00:00:00',324
'2019-04-28 00:00:00',325
'2019-04-28 00:00:00',326
'2019-04-28 00:00:00',327
'2019-04-28 00:00:00',328
'2019-04-28 00:00:00',329
'2019-04-28 00:00:00',330
'2019-04-28 00:00:00',331
'2019-04-29 12:07:28',331
'2019-04-30 07:50:13',331
'2019-05-02 23:15:05',331
'2019-05-16 14:13:48',331
'2019-05-19 00:00:00',331
'2019-05-21 09:20:44',331
'2019-05-21 09:20:44',331
'2019-05-22 13:23:31',331
'2019-05-24 08:39:09',332
'2019-05-24 14:16:54',332
'2019-05-29 18:22:45',332
'2019-06-02 00:00:00',332
'2019-06-04 14:24:36',332
'2019-06-13 18:23:08',332
'2019-06-16 23:21:33',332
'2019-06-20 16:17:43',333
'2019-06-27 01:37:44',333
'2019-07-06 15:45:08',333
'2019-07-08 09:53:22',333
'2019-07-08 12:58:06',333
'2019-07-10 16:06:01',333
'2019-07-14 00:00:00',334
'2019-07-14 00:00:00',335
'2019-07-15 22:04:50',335
'2019-07-16 00:23:54',335
'2019-07-17 03:55:04',335
'2019-07-21 00:00:00',336
'2019-07-21 00:00:00',337
'2019-07-21 00:00:00',337
'2019-07-21 00:00:00',338
'2019-07-21 00:00:00',339
'2019-07-21 00:00:00',340
'2019-07-21 00:00:00',341
'2019-07-21 00:00:00',342
'2019-07-21 00:00:00',343
'2019-07-21 00:00:00',344
'2019-07-21 00:00:00',345
'2019-07-21 00:00:00',346
'2019-07-21 00:00:00',347
'2019-07-21 00:00:00',348
'2019-07-21 00:00:00',349
'2019-07-21 00:00:00',350
'2019-07-21 00:00:00',351
'2019-07-21 00:00:00',352
'2019-07-21 00:00:00',353
'2019-07-21 00:00:00',354
'2019-07-21 00:00:00',355
'2019-07-21 00:00:00',356
'2019-07-21 00:00:00',357
'2019-07-21 00:00:00',358
'2019-07-21 00:00:00',359
'2019-07-21 00:00:00',360
'2019-07-21 00:00:00',361
'2019-07-21 00:00:00',362
'2019-07-21 00:00:00',363
'2019-07-21 00:00:00',364
'2019-07-21 00:00:00',365
'2019-07-21 00:00:00',366
'2019-07-21 00:00:00',367
'2019-07-21 00:00:00',368
'2019-07-21 00:00:00',369
'2019-07-21 00:00:00',370
'2019-07-21 00:00:00',371
'2019-07-21 00:00:00',372
'2019-07-21 00:00:00',373
'2019-07-21 00:00:00',374
'2019-07-21 00:00:00',375
'2019-07-21 00:00:00',376
'2019-07-21 00:00:00',377
'2019-07-21 00:00:00',378
'2019-07-21 00:00:00',379
'2019-07-21 00:00:00',380
'2019-07-21 00:00:00',381
'2019-07-21 00:00:00',382
'2019-07-21 00:00:00',383
'2019-07-21 00:00:00',384
'2019-07-21 00:00:00',385
'2019-07-21 00:00:00',386
'2019-07-21 00:00:00',387
'2019-07-21 00:00:00',388
'2019-07-21 00:00:00',389
'2019-07-21 00:00:00',390
'2019-07-21 00:00:00',391
'2019-07-21 00:00:00',392
'2019-07-21 00:00:00',392
'2019-07-21 00:00:00',393
'2019-07-21 00:00:00',394
'2019-07-21 00:00:00',395
'2019-07-21 00:00:00',396
'2019-07-21 00:00:00',397
'2019-07-21 00:00:00',398
'2019-07-21 00:00:00',399
'2019-07-21 00:00:00',400
'2019-07-21 00:00:00',400
'2019-07-21 00:00:00',401
'2019-07-21 00:00:00',402
'2019-07-21 00:00:00',403
'2019-07-21 00:00:00',404
'2019-07-21 00:00:00',405
'2019-07-21 00:00:00',406
'2019-07-21 00:00:00',407
'2019-07-21 00:00:00',408
'2019-07-21 00:00:00',409
'2019-07-21 00:00:00',410
'2019-07-21 00:00:00',411
'2019-07-21 00:00:00',412
'2019-07-21 00:00:00',413
'2019-07-21 00:00:00',414
'2019-07-21 00:00:00',415
'2019-07-21 00:00:00',416
'2019-07-21 00:00:00',417
'2019-07-21 00:00:00',418
'2019-07-21 00:00:00',419
'2019-07-21 00:00:00',420
'2019-07-21 00:00:00',421
'2019-07-21 00:00:00',422
'2019-07-21 00:00:00',423
'2019-07-21 00:00:00',424
'2019-07-21 00:00:00',425
'2019-07-21 00:00:00',426
'2019-07-21 00:00:00',427
'2019-07-25 20:55:50',428
'2019-07-26 14:45:31',428
'2019-07-27 17:02:50',428
'2019-07-27 17:02:50',428
'2019-07-27 17:02:50',428
'2019-07-28 07:20:50',428
'2019-07-30 06:27:58',428
'2019-08-02 15:46:38',428
'2019-08-07 22:02:59',428
'2019-08-08 15:17:19',428
'2019-08-09 12:24:06',428
'2019-08-09 14:12:26',428
'2019-08-13 12:21:33',428
'2019-08-16 13:43:00',428
'2019-08-21 08:49:42',428
'2019-08-23 15:08:10',428
'2019-08-23 15:48:33',428
'2019-08-25 00:00:00',428
'2019-08-25 00:00:00',428
'2019-08-25 00:00:00',428
'2019-08-25 00:00:00',428
'2019-08-28 20:29:07',428
'2019-09-09 21:34:58',428
'2019-09-15 00:00:00',428
'2019-09-16 08:09:57',428
'2019-09-16 21:38:24',428
'2019-09-18 14:47:46',428
'2019-09-19 09:54:35',428
'2019-09-19 12:53:15',428
'2019-09-19 15:17:09',428
'2019-09-24 06:54:28',429
'2019-09-24 08:57:59',430
'2019-09-24 16:41:19',430
'2019-09-25 19:26:40',430
'2019-10-02 04:13:20',430
'2019-10-02 17:26:20',430
'2019-10-03 13:57:12',430
'2019-10-03 15:59:08',430
'2019-10-04 18:31:19',430
'2019-10-07 10:58:24',430
'2019-10-09 13:20:05',430
'2019-10-11 09:39:11',430
'2019-10-11 09:39:11',430
'2019-10-14 14:57:54',430
'2019-10-14 20:42:24',430
'2019-10-16 16:27:34',430
'2019-10-16 23:08:15',430
'2019-10-19 20:54:41',430
'2019-10-22 10:05:43',430
'2019-10-23 11:03:53',430
'2019-10-29 10:16:00',430
'2019-10-29 16:26:43',430
'2019-10-31 14:59:37',430
'2019-11-04 16:50:04',430
'2019-11-05 17:47:19',430
'2019-11-06 04:45:07',430
'2019-11-06 17:41:35',430
'2019-11-07 19:38:46',430
'2019-11-07 20:59:18',430
'2019-11-08 05:17:23',430
'2019-11-09 11:27:26',430
'2019-11-09 11:27:26',430
'2019-11-11 14:20:41',430
'2019-11-12 02:41:37',430
'2019-11-17 00:00:00',430
'2019-11-19 15:37:19',430
'2019-11-19 18:33:32',430
'2019-11-20 17:20:25',431
'2019-11-20 19:47:33',431
'2019-11-20 20:07:01',431
'2019-11-20 20:07:01',431
'2019-11-20 20:07:01',431
'2019-11-20 20:07:01',431
'2019-11-21 16:05:00',431
'2019-11-25 08:12:02',431
'2019-12-03 14:07:33',431
'2019-12-03 14:07:33',431
'2019-12-03 14:07:33',431
'2019-12-03 14:17:03',431
'2019-12-03 14:17:03',431
'2019-12-05 09:03:10',431
'2019-12-06 10:22:00',431
'2019-12-10 12:29:40',431
'2019-12-10 12:29:40',431
'2019-12-10 12:29:40',431
'2019-12-11 16:12:51',431
'2019-12-18 16:31:32',431
'2019-12-19 20:18:26',431
'2019-12-20 09:27:21',431
'2019-12-21 03:28:59',431
'2019-12-21 03:28:59',431
'2019-12-22 07:18:42',431
'2019-12-31 14:44:47',431
'2020-01-02 14:09:05',431
'2020-01-06 07:32:46',431
'2020-01-12 00:00:00',432
'2020-01-15 17:24:17',432
'2020-01-20 08:55:35',432
'2020-01-20 08:55:35',432
'2020-01-20 08:55:35',432
'2020-01-20 14:03:06',432
'2020-01-22 12:06:34',432
'2020-01-27 13:01:19',432
'2020-01-27 13:01:19',432
'2020-01-27 13:01:19',432
'2020-01-27 13:01:19',432
'2020-01-27 13:28:32',432
'2020-01-28 09:32:57',432
'2020-01-28 22:58:21',432
'2020-01-29 08:40:41',432
'2020-01-30 17:15:54',432
'2020-01-30 18:00:09',432
'2020-02-03 16:22:57',432
'2020-02-04 12:06:44',432
'2020-02-06 16:03:15',432
'2020-02-06 22:24:56',432
'2020-02-07 08:21:06',432
'2020-02-07 14:35:11',432
'2020-02-07 14:35:11',432
'2020-02-12 14:09:47',432
'2020-02-16 21:36:34',432
'2020-02-17 16:59:30',432
'2020-02-17 18:56:41',432
'2020-02-19 11:36:33',432
'2020-02-19 19:37:13',432
'2020-02-20 12:02:06',432
'2020-02-21 16:44:31',432
'2020-02-21 16:44:31',432
'2020-02-21 16:44:31',432
'2020-02-21 16:44:31',432
'2020-02-21 16:44:31',432
'2020-02-24 15:29:06',432
'2020-02-24 15:29:06',432
'2020-02-24 22:35:44',432
'2020-02-24 22:35:44',432
'2020-02-26 20:37:54',432
'2020-02-27 12:48:57',432
'2020-02-28 10:55:11',432
'2020-02-28 14:31:10',432
'2020-02-28 16:55:11',432
'2020-03-01 00:00:00',432
'2020-03-02 13:11:22',432
'2020-03-03 04:46:40',432
'2020-03-03 21:05:12',432
'2020-03-04 03:25:23',432
'2020-03-04 20:25:17',432
'2020-03-05 10:19:09',432
'2020-03-06 13:12:43',432
'2020-03-06 13:12:43',432
'2020-03-09 16:09:06',432
'2020-03-15 00:00:00',433
'2020-03-15 00:00:00',433
'2020-03-16 12:37:15',433
'2020-03-17 23:09:53',433
'2020-03-19 16:57:51',433
'2020-03-20 00:19:40',433
'2020-03-21 03:00:55',433
'2020-03-23 10:35:06',433
'2020-03-23 14:43:41',433
'2020-03-23 19:44:16',433
'2020-03-25 07:55:12',433
'2020-03-25 14:27:47',433
'2020-03-25 14:27:47',433
'2020-03-25 14:27:47',433
'2020-03-25 14:27:47',433
'2020-03-25 14:27:47',433
'2020-03-28 03:20:31',433
'2020-03-29 00:00:00',434
'2020-03-29 00:00:00',435
'2020-03-29 00:00:00',436
'2020-03-29 00:00:00',437
'2020-03-29 00:00:00',438
'2020-03-29 00:00:00',439
'2020-03-29 23:15:41',439
'2020-04-03 03:33:47',439
'2020-04-03 09:23:44',439
'2020-04-08 00:51:22',439
'2020-04-11 12:33:07',439
'2020-04-11 12:53:52',439
'2020-04-11 19:49:24',439
'2020-04-13 14:40:43',439
'2020-04-14 15:45:08',439
'2020-04-14 19:38:13',439
'2020-04-14 19:38:13',439
'2020-04-17 04:02:57',439
'2020-04-21 11:32:29',439
'2020-04-22 09:57:07',439
'2020-04-27 20:59:37',439
'2020-04-27 23:20:09',439
'2020-04-30 16:07:07',439
'2020-05-14 12:04:45',439
'2020-05-14 22:41:24',439
'2020-05-18 14:35:14',439
'2020-05-25 23:32:22',439
'2020-05-25 23:32:22',439
'2020-05-27 09:05:04',439
'2020-05-27 22:51:35',439
'2020-05-28 12:09:11',439
'2020-05-28 19:02:37',439
'2020-05-29 10:08:35',439
'2020-06-03 06:31:41',439
'2020-06-03 17:08:46',439
'2020-06-04 21:16:30',439
'2020-06-04 21:16:30',439
'2020-06-08 19:06:09',439
'2020-06-08 19:06:09',439
'2020-06-09 09:33:56',439
'2020-06-09 13:09:20',439
'2020-06-11 15:14:44',439
'2020-06-11 15:47:09',439
'2020-06-14 11:59:38',439
'2020-06-14 11:59:38',439
'2020-06-19 09:03:10',439
'2020-06-25 14:08:59',439
'2020-06-25 14:08:59',439
'2020-07-01 09:52:08',439
'2020-07-05 12:15:42',439
'2020-07-06 10:23:16',439
'2020-07-06 13:41:43',439
'2020-07-11 01:58:50',439
'2020-07-12 00:00:00',440
'2020-07-14 13:02:16',440
'2020-07-15 12:16:24',440
'2020-07-15 12:16:24',440
'2020-07-15 15:16:33',440
'2020-07-15 15:37:23',440
'2020-07-17 03:42:36',440
'2020-07-19 03:09:27',440
'2020-07-21 04:48:03',440
'2020-07-21 12:22:55',440
'2020-07-22 11:12:31',440
'2020-07-22 13:05:59',440
'2020-07-23 12:02:00',440
'2020-07-30 08:07:47',440
'2020-07-30 08:07:47',440
'2020-07-30 08:07:47',440
'2020-07-30 14:18:15',440
'2020-07-30 20:07:13',440
'2020-08-06 10:23:56',440
'2020-08-06 16:11:25',440
'2020-08-06 16:11:25',440
'2020-08-15 00:15:42',440
'2020-08-17 08:15:38',440
'2020-08-18 08:06:34',440
'2020-08-30 00:00:00',441
'2020-08-30 00:00:00',442
'2020-08-30 00:00:00',443
'2020-08-30 17:13:05',443
'2020-08-30 17:13:05',443
'2020-08-31 08:22:34',443
'2020-08-31 08:22:34',443
'2020-08-31 08:22:34',443
'2020-09-01 01:54:03',443
'2020-09-01 10:48:13',443
'2020-09-01 14:56:17',443
'2020-09-02 21:30:00',443
'2020-09-03 15:56:54',443
'2020-09-04 08:18:26',443
'2020-09-05 20:28:21',443
'2020-09-09 09:48:40',443
'2020-09-10 05:56:41',443
'2020-09-10 05:56:41',443
'2020-09-10 05:56:41',443
'2020-09-11 07:14:07',443
'2020-09-14 03:58:54',443
'2020-09-14 11:13:19',443
'2020-09-14 11:13:19',443
'2020-09-15 12:05:25',443
'2020-09-24 10:51:32',443
'2020-09-26 19:24:20',443
'2020-09-26 19:24:20',443
'2020-09-26 19:24:20',443
'2020-09-29 16:00:56',443
'2020-09-30 10:52:39',443
'2020-10-02 22:07:28',443
'2020-10-04 23:51:23',443
'2020-10-06 14:08:35',443
'2020-10-07 11:02:23',443
'2020-10-07 11:02:23',443
'2020-10-07 11:02:23',443
'2020-10-12 20:54:49',443
'2020-10-13 07:35:35',443
'2020-10-14 08:56:33',443
'2020-10-14 11:26:53',443
'2020-10-15 19:01:22',443
'2020-10-16 03:51:55',443
'2020-10-21 00:49:00',443
'2020-10-23 23:45:39',443
'2020-10-25 14:21:09',443
'2020-10-27 06:35:44',443
'2020-10-28 09:12:41',443
'2020-10-28 09:12:41',443
'2020-10-28 21:02:11',443
'2020-10-28 21:02:11',443
'2020-10-29 09:41:11',443
'2020-10-29 11:30:43',443
'2020-10-29 16:24:42',443
'2020-11-02 10:44:52',443
'2020-11-05 16:15:19',443
'2020-11-05 16:15:19',443
'2020-11-08 00:00:00',444
'2020-11-09 10:13:30',444
'2020-11-09 15:01:37',444
'2020-11-13 17:34:50',444
'2020-11-15 07:19:31',444
'2020-11-19 01:51:27',444
'2020-11-21 17:43:02',444
'2020-11-22 00:00:00',445
'2020-11-22 00:00:00',446
'2020-11-22 00:00:00',447
'2020-11-24 07:46:28',448
'2020-11-25 11:57:45',448
'2020-11-25 14:21:32',448
'2020-11-25 14:21:32',448
'2020-11-25 20:26:27',448
'2020-11-26 02:29:37',449
'2020-12-01 11:40:35',449
'2020-12-02 04:59:31',449
'2020-12-02 10:10:01',449
'2020-12-04 07:35:09',449
'2020-12-04 13:05:09',449
'2020-12-04 15:32:22',449
'2020-12-08 17:10:52',449
'2020-12-09 15:29:03',449
'2020-12-10 10:07:53',449
'2020-12-10 10:07:53',449
'2020-12-10 15:02:35',449
'2020-12-12 07:43:47',449
'2020-12-14 09:05:30',449
'2020-12-14 14:25:46',449
'2020-12-17 16:20:18',449
'2020-12-17 23:02:10',449
'2020-12-18 03:10:04',449
'2020-12-18 14:05:26',449
'2020-12-21 18:38:31',449
'2021-01-06 10:19:28',449
'2021-01-06 10:47:01',449
'2021-01-10 00:00:00',450
'2021-01-10 00:00:00',451
'2021-01-10 21:21:56',451
'2021-01-11 09:56:13',451
'2021-01-13 14:44:58',451
'2021-01-13 16:16:27',451
'2021-01-13 21:02:40',451
'2021-01-14 08:03:01',451
'2021-01-15 10:08:39',451
'2021-01-15 10:08:39',451
'2021-01-17 15:20:31',451
'2021-01-18 14:41:49',451
'2021-01-19 18:13:23',451
'2021-01-21 11:52:02',451
'2021-01-22 09:18:23',451
'2021-01-25 19:26:24',451
'2021-01-29 17:00:25',451
'2021-01-29 17:00:25',451
'2021-02-01 09:46:15',451
'2021-02-01 09:46:15',451
'2021-02-01 09:46:15',451
'2021-02-01 10:56:04',451
'2021-02-01 10:56:04',452
'2021-02-03 10:00:17',452
'2021-02-03 10:00:17',452
'2021-02-03 10:33:04',452
'2021-02-03 13:52:28',452
'2021-02-04 13:15:55',452
'2021-02-04 16:26:03',452
'2021-02-04 17:59:33',452
'2021-02-05 00:04:10',452
'2021-02-05 00:04:10',452
'2021-02-07 10:34:38',452
'2021-02-09 09:28:20',452
'2021-02-11 13:43:09',452
'2021-02-11 20:35:05',452
'2021-02-11 20:35:05',452
'2021-02-13 04:49:41',452
'2021-02-14 06:36:19',452
'2021-02-16 18:49:25',453
'2021-02-18 18:34:06',453
'2021-02-20 16:10:51',453
'2021-02-22 14:00:52',453
'2021-02-23 10:23:27',453
'2021-02-24 17:23:36',453
'2021-02-24 19:16:01',453
'2021-02-27 08:22:07',453
'2021-03-02 14:23:23',453
'2021-03-02 16:40:01',453
'2021-03-03 21:25:22',453
'2021-03-03 23:07:31',453
'2021-03-04 19:46:07',453
'2021-03-05 09:10:18',453
'2021-03-07 05:30:09',453
'2021-03-07 05:30:09',453
'2021-03-08 10:10:02',453
'2021-03-08 14:37:33',453
'2021-03-08 20:13:49',453
'2021-03-10 10:42:49',453
'2021-03-11 06:33:11',453
'2021-03-12 10:37:11',453
'2021-03-12 15:21:50',453
'2021-03-15 12:46:00',453
'2021-03-16 08:22:19',453
'2021-03-16 16:38:16',453
'2021-03-22 01:25:21',453
'2021-03-22 11:05:04',453
'2021-03-22 14:24:00',453
'2021-03-22 15:05:26',453
'2021-03-23 08:35:44',453
'2021-03-23 19:21:02',453
'2021-03-23 19:21:02',453
'2021-03-24 02:30:46',453
'2021-03-25 16:02:42',453
'2021-03-30 09:08:09',453
'2021-04-05 04:48:32',453
'2021-04-05 17:54:59',453
'2021-04-12 12:28:19',453
'2021-04-13 08:43:01',453
'2021-04-14 19:10:42',453
'2021-04-19 11:56:03',453
'2021-04-19 14:05:17',453
'2021-04-19 14:05:17',453
'2021-04-21 15:32:32',453
'2021-04-23 02:58:29',453
'2021-04-27 10:29:15',453
'2021-04-27 14:46:54',453
'2021-04-29 05:20:22',453
'2021-04-30 02:05:43',453
'2021-05-01 01:17:11',453
'2021-05-02 11:55:55',453
'2021-05-03 21:56:59',453
'2021-05-07 09:47:53',453
'2021-05-09 00:00:00',454
'2021-05-13 12:58:27',454
'2021-05-13 17:16:49',454
'2021-05-14 13:51:08',454
'2021-05-18 08:04:45',454
'2021-05-18 17:57:31',454
'2021-05-25 08:58:19',454
'2021-05-27 03:38:57',454
'2021-05-29 17:35:45',454
'2021-05-30 00:00:00',455
'2021-05-30 00:00:00',456
'2021-05-30 00:00:00',457
'2021-05-31 15:06:38',457
'2021-06-01 06:36:19',457
'2021-06-01 11:39:20',457
'2021-06-04 03:57:59',457
'2021-06-08 09:30:23',457
'2021-06-09 00:27:19',457
'2021-06-09 07:22:41',457
'2021-06-10 21:30:43',457
'2021-06-11 07:13:55',457
'2021-06-11 22:33:59',457
'2021-06-15 05:35:45',457
'2021-06-15 05:35:45',457
'2021-06-16 21:06:17',457
'2021-06-17 16:01:13',458
'2021-06-17 17:24:48',458
'2021-06-19 04:33:42',458
'2021-06-20 00:00:00',459
'2021-06-20 00:00:00',460
'2021-06-20 17:36:18',460
'2021-06-22 00:38:46',460
'2021-06-22 14:54:03',460
'2021-06-22 14:54:03',460
'2021-06-23 11:06:08',460
'2021-06-25 10:44:42',460
'2021-06-25 23:59:51',460
'2021-06-26 13:02:35',460
'2021-06-29 23:44:28',460
'2021-06-30 06:47:49',460
'2021-06-30 12:27:31',460
'2021-07-05 08:03:40',460
'2021-07-07 13:32:23',460
'2021-07-08 02:32:56',460
'2021-07-08 06:56:09',460
'2021-07-08 06:56:09',460
'2021-07-08 13:17:41',460
'2021-07-09 01:13:46',460
'2021-07-14 10:18:41',460
'2021-07-15 08:16:12',460
'2021-07-15 09:16:30',460
'2021-07-16 12:08:54',460
'2021-07-18 00:00:00',460
'2021-07-18 00:00:00',460
'2021-07-20 13:36:00',460
'2021-07-20 15:30:02',460
'2021-07-21 13:28:05',460
'2021-07-22 13:30:11',460
'2021-07-25 13:16:32',460
'2021-07-26 12:44:47',460
'2021-07-26 16:23:25',460
'2021-07-26 16:23:25',460
'2021-07-27 13:35:54',460
'2021-07-28 08:55:47',460
'2021-07-30 21:35:01',460
'2021-08-02 14:07:22',460
'2021-08-02 14:07:22',460
'2021-08-03 14:16:49',460
'2021-08-04 00:01:04',460
'2021-08-05 19:16:10',460
'2021-08-05 19:16:10',460
'2021-08-06 09:37:34',460
'2021-08-08 00:00:00',461
'2021-08-10 01:14:32',461
'2021-08-13 06:37:40',461
'2021-08-15 09:44:29',461
'2021-08-18 08:21:47',461
'2021-08-19 09:19:47',461
'2021-08-20 11:42:05',461
'2021-08-20 13:42:55',461
'2021-08-20 15:53:12',461
'2021-08-24 14:27:21',461
'2021-08-24 14:27:21',461
'2021-08-27 21:38:33',461
'2021-08-27 22:03:46',461
'2021-08-30 03:35:19',461
'2021-08-30 11:23:49',461
'2021-08-31 11:12:49',461
'2021-08-31 11:12:49',461
'2021-09-02 14:18:52',461
'2021-09-03 13:39:00',461
'2021-09-03 15:30:17',461
'2021-09-13 06:04:22',461
'2021-09-13 09:56:46',461
'2021-09-14 13:28:09',461
'2021-09-15 13:39:28',461
'2021-09-16 09:25:21',461
'2021-09-19 20:53:54',461
'2021-09-20 17:13:57',461
'2021-09-22 19:59:07',461
'2021-09-22 22:58:55',461
'2021-09-24 04:24:38',461
'2021-09-24 08:18:13',461
'2021-09-24 08:18:13',461
'2021-09-26 22:31:24',461
'2021-09-29 22:40:05',461
'2021-09-30 06:45:36',461
'2021-09-30 19:29:32',461
'2021-09-30 19:29:32',461
'2021-10-06 01:03:28',461
'2021-10-06 11:25:26',461
'2021-10-08 01:54:23',461
'2021-10-11 13:54:32',461
'2021-10-13 08:53:56',461
'2021-10-13 10:27:12',461
'2021-10-13 13:48:08',461
'2021-10-13 14:03:06',461
'2021-10-14 12:59:50',461
'2021-10-14 14:54:45',461
'2021-10-18 08:07:52',461
'2021-10-18 22:11:29',461
'2021-10-19 13:50:41',461
'2021-10-24 00:00:00',462
'2021-10-26 13:11:58',462
'2021-10-27 09:33:05',462
'2021-10-27 11:26:14',462
'2021-10-27 12:48:33',462
'2021-10-27 13:52:05',462
'2021-10-29 15:13:42',462
'2021-10-31 00:00:00',463
'2021-11-01 23:08:45',463
'2021-11-04 16:36:03',463
'2021-11-08 10:08:05',463
'2021-11-08 15:35:32',463
'2021-11-09 02:30:07',463
'2021-11-13 11:51:57',463
'2021-11-14 20:52:13',463
'2021-11-15 13:48:05',463
'2021-11-15 13:48:05',463
'2021-11-15 14:32:45',463
'2021-11-17 13:47:18',463
'2021-11-18 13:52:23',463
'2021-11-18 13:52:23',463
'2021-11-19 02:48:58',463
'2021-11-19 16:16:59',463
'2021-11-22 16:34:47',463
'2021-11-25 10:52:26',463
'2021-11-26 06:17:47',463
'2021-11-26 09:59:29',463
'2021-11-27 23:18:03',463
'2021-11-29 17:14:07',463
'2021-11-30 11:54:48',463
'2021-11-30 13:45:00',463
'2021-12-03 12:07:55',463
'2021-12-04 16:43:57',463
'2021-12-06 21:54:31',463
'2021-12-07 08:05:30',463
'2021-12-07 13:55:55',463
'2021-12-08 07:46:18',463
'2021-12-08 20:57:22',463
'2021-12-09 12:41:44',463
'2021-12-09 16:46:16',463
'2021-12-10 11:16:47',463
'2021-12-10 19:38:08',463
'2021-12-13 12:09:23',463
'2021-12-17 13:24:02',463
'2021-12-22 02:49:24',463
'2021-12-22 12:39:58',463
'2021-12-22 14:27:35',463
'2021-12-22 21:39:39',463
'2021-12-30 09:59:27',463
'2022-01-04 13:52:33',463
'2022-01-05 04:56:45',463
'2022-01-10 21:10:53',463
'2022-01-12 04:17:27',463
'2022-01-13 13:29:00',463
'2022-01-13 15:42:25',463
'2022-01-17 17:03:49',463
'2022-01-17 21:40:00',463
'2022-01-19 02:57:23',463
'2022-01-20 14:09:55',463
'2022-01-20 18:47:48',463
'2022-01-21 11:07:47',463
'2022-01-21 14:46:39',463
'2022-01-21 17:24:50',463
'2022-01-24 12:46:30',463
'2022-01-25 00:07:32',463
'2022-01-27 07:21:04',463
'2022-01-27 09:58:36',463
'2022-01-27 10:36:51',463
'2022-01-27 14:49:27',463
'2022-01-28 08:22:41',463
'2022-01-31 06:42:02',463
'2022-01-31 11:25:34',463
'2022-01-31 15:43:42',463
'2022-02-01 07:13:57',463
'2022-02-01 17:34:00',463
'2022-02-02 17:11:01',463
'2022-02-03 01:45:44',463
'2022-02-03 09:54:29',463
'2022-02-04 13:25:25',463
'2022-02-04 22:11:18',463
'2022-02-07 16:26:06',463
'2022-02-08 00:28:01',463
'2022-02-08 15:52:29',463
'2022-02-09 12:13:14',463
'2022-02-09 22:20:30',463
'2022-02-10 07:02:05',463
'2022-02-10 23:45:58',463
'2022-02-10 23:45:58',463
'2022-02-15 06:07:05',463
'2022-02-18 14:35:06',463
'2022-02-18 19:27:04',463
'2022-02-18 22:57:11',463
'2022-02-20 00:00:00',464
'2022-02-21 15:43:30',464
'2022-02-21 17:06:28',464
'2022-02-22 00:29:02',464
'2022-02-22 08:58:34',464
'2022-02-22 13:13:02',464
'2022-02-23 18:17:13',464
'2022-02-27 00:00:00',465
'2022-02-28 08:12:13',465
'2022-02-28 10:21:19',465
'2022-03-01 13:05:16',465
'2022-03-01 15:10:41',465
'2022-03-01 16:53:52',465
'2022-03-01 22:52:49',465
'2022-03-03 07:24:38',465
'2022-03-04 10:05:20',465
'2022-03-06 13:23:17',465
'2022-03-07 07:22:57',465
'2022-03-07 08:54:56',465
'2022-03-07 17:06:12',465
'2022-03-07 19:19:44',465
'2022-03-07 20:47:09',465
'2022-03-07 22:40:33',465
'2022-03-08 08:57:03',465
'2022-03-08 12:51:58',465
'2022-03-08 17:30:26',465
'2022-03-09 17:18:31',465
'2022-03-10 21:39:46',465
'2022-03-11 00:09:13',465
'2022-03-13 00:00:00',465
'2022-03-14 14:21:47',465
'2022-03-14 15:25:36',465
'2022-03-14 21:21:09',465
'2022-03-15 12:49:33',465
'2022-03-16 00:15:49',465
'2022-03-16 00:15:49',465
'2022-03-16 11:30:33',465
'2022-03-16 12:04:39',465
'2022-03-17 16:43:25',465
'2022-03-18 09:00:19',465
'2022-03-18 16:59:28',465
'2022-03-18 17:28:01',465
'2022-03-19 01:20:02',465
'2022-03-21 09:16:16',465
'2022-03-21 15:01:49',465
'2022-03-23 07:47:38',465
'2022-03-23 07:47:38',465
'2022-03-23 14:51:40',465
'2022-03-24 11:16:35',465
'2022-03-24 14:12:43',465
'2022-03-24 19:15:50',465
'2022-03-27 00:00:00',466
'2022-03-31 07:57:38',466
'2022-03-31 09:46:57',466
'2022-03-31 23:16:35',466
'2022-04-01 08:19:19',466
'2022-04-05 06:39:36',466
'2022-04-05 15:40:40',466
'2022-04-05 20:20:58',466
'2022-04-06 11:54:40',466
'2022-04-06 16:45:25',466
'2022-04-07 15:08:33',466
'2022-04-07 15:08:33',466
'2022-04-07 15:08:33',466
'2022-04-08 05:23:28',466
'2022-04-08 05:23:28',466
'2022-04-11 20:56:16',466
'2022-04-13 13:12:09',466
'2022-04-19 05:19:52',466
'2022-04-20 08:02:06',466
'2022-04-22 12:04:30',466
'2022-04-22 12:25:25',466
'2022-04-25 13:58:21',466
'2022-04-25 18:59:39',466
'2022-04-25 21:26:22',466
'2022-04-25 21:26:22',466
'2022-04-27 07:36:02',466
'2022-04-27 07:36:02',466
'2022-04-27 23:05:33',466
'2022-04-28 00:06:00',466
'2022-04-28 08:35:57',466
'2022-04-29 11:47:40',466
'2022-04-29 19:23:13',466
'2022-04-29 19:23:13',466
'2022-04-29 22:30:17',466
'2022-04-30 11:00:32',466
'2022-05-02 08:46:36',466
'2022-05-04 06:39:59',466
'2022-05-04 18:07:14',466
'2022-05-06 11:54:13',466
'2022-05-06 19:12:20',466
'2022-05-07 16:19:13',466
'2022-05-07 17:27:55',466
'2022-05-09 11:37:17',466
'2022-05-10 21:19:37',466
'2022-05-10 21:19:37',466
'2022-05-11 05:24:57',466
'2022-05-11 05:24:57',466
'2022-05-11 05:24:57',466
'2022-05-12 09:11:28',467
'2022-05-12 10:45:24',467
'2022-05-14 21:45:09',467
'2022-05-16 12:14:49',467
'2022-05-16 20:03:50',467
'2022-05-17 12:07:34',467
'2022-05-17 14:18:13',467
'2022-05-18 07:53:50',467
'2022-05-18 11:36:10',467
'2022-05-18 15:02:29',467
'2022-05-19 09:32:10',467
'2022-05-19 16:35:29',467
'2022-05-19 21:53:13',467
'2022-05-24 20:54:51',467
'2022-05-26 15:42:56',467
'2022-05-30 14:00:08',467
'2022-06-01 12:44:23',467
'2022-06-04 22:23:51',467
'2022-06-04 22:23:51',467
'2022-06-04 22:23:51',467
'2022-06-07 13:11:31',467
'2022-06-08 18:54:45',467
'2022-06-10 13:47:01',467
'2022-06-13 09:57:38',467
'2022-06-13 10:36:45',467
'2022-06-13 10:36:45',467
'2022-06-13 10:36:45',467
'2022-06-13 12:25:48',467
'2022-06-14 06:35:29',467
'2022-06-15 05:06:05',467
'2022-06-15 17:22:31',467
'2022-06-15 22:44:58',467
'2022-06-16 13:00:33',467
'2022-06-17 17:51:21',467
'2022-06-21 09:33:29',467
'2022-06-21 11:19:44',467
'2022-06-23 09:48:35',467
'2022-06-24 10:49:48',467
'2022-06-24 15:25:38',467
'2022-06-24 15:25:38',467
'2022-06-27 07:24:22',467
'2022-07-01 07:28:13',467
'2022-07-05 07:56:35',467
'2022-07-05 07:56:35',467
'2022-07-05 18:38:10',467
'2022-07-06 14:11:23',467
'2022-07-06 15:49:01',467
'2022-07-07 10:36:55',467
'2022-07-07 14:50:34',467
'2022-07-10 00:00:00',467
'2022-07-10 00:00:00',468
'2022-07-11 10:04:11',468
'2022-07-11 12:55:27',468
'2022-07-11 13:38:27',468
'2022-07-11 18:22:33',468
'2022-07-11 18:22:33',468
'2022-07-12 16:37:19',468
'2022-07-13 14:45:02',468
'2022-07-13 20:47:15',468
'2022-07-14 07:12:24',468
'2022-07-14 07:12:24',468
'2022-07-14 13:05:57',468
'2022-07-15 08:37:41',468
'2022-07-15 13:03:21',468
'2022-07-15 18:57:03',468
'2022-07-18 21:47:50',468
'2022-07-18 21:47:50',468
'2022-07-20 12:25:26',468
'2022-07-20 15:38:51',468
'2022-07-26 11:48:50',468
'2022-07-26 11:48:50',468
'2022-07-26 11:48:50',468
'2022-07-26 11:48:50',468
'2022-07-26 11:48:50',468
'2022-07-27 07:58:28',468
'2022-07-27 07:58:28',468
'2022-07-27 14:47:33',468
'2022-07-27 18:30:08',468
'2022-07-28 07:24:16',468
'2022-07-28 16:34:16',468
'2022-07-29 18:46:13',468
'2022-07-31 01:30:13',468
'2022-08-01 05:28:29',468
'2022-08-01 05:28:29',468
'2022-08-01 18:26:45',468
'2022-08-02 18:14:26',468
'2022-08-02 21:35:51',468
'2022-08-08 08:06:37',468
'2022-08-09 17:02:49',468
'2022-08-10 14:50:48',468
'2022-08-12 18:01:39',468
'2022-08-14 03:03:15',468
'2022-08-16 20:44:53',468
'2022-08-18 08:12:39',468
'2022-08-18 11:54:27',468
'2022-08-19 07:30:00',468
'2022-08-19 19:09:20',468
'2022-08-21 00:00:00',469
'2022-08-21 00:00:00',469
'2022-08-21 00:00:00',470
'2022-08-21 00:00:00',470
'2022-08-21 00:00:00',471
'2022-08-22 06:54:19',471
'2022-08-22 14:14:09',471
'2022-08-23 19:15:05',471
'2022-08-23 19:17:53',471
'2022-08-23 21:03:08',471
'2022-08-24 11:37:34',471
'2022-08-24 13:35:09',471
'2022-08-25 13:22:19',471
'2022-08-25 13:22:19',471
'2022-08-25 13:22:19',471
'2022-08-25 13:40:54',471
'2022-08-26 08:27:36',471
'2022-08-26 13:17:07',471
'2022-08-29 07:22:59',471
'2022-08-30 02:01:30',471
'2022-08-31 03:14:18',471
'2022-08-31 13:09:59',471
'2022-09-01 05:17:41',471
'2022-09-02 05:11:51',471
'2022-09-06 09:59:41',471
'2022-09-06 09:59:41',471
'2022-09-07 08:39:25',471
'2022-09-07 08:39:25',471
'2022-09-08 07:08:59',471
'2022-09-08 07:08:59',471
'2022-09-09 02:45:23',471
'2022-09-10 07:43:33',471
'2022-09-10 07:51:21',471
'2022-09-12 23:09:03',471
'2022-09-13 17:45:45',471
'2022-09-14 10:05:46',471
'2022-09-14 10:05:46',471
'2022-09-14 19:37:48',471
'2022-09-14 21:55:34',471
'2022-09-15 12:48:29',471
'2022-09-16 13:11:33',471
'2022-09-16 14:23:20',471
'2022-09-19 07:50:46',471
'2022-09-19 07:50:46',471
'2022-09-20 07:47:14',471
'2022-09-21 05:29:10',471
'2022-09-22 13:41:43',471
'2022-09-23 03:41:46',471
'2022-09-23 11:01:30',471
'2022-09-23 16:13:12',471
'2022-09-23 18:48:45',471
'2022-09-23 23:17:31',471
'2022-09-24 05:12:53',471
'2022-09-26 12:19:08',471
'2022-09-26 14:05:44',471
'2022-09-27 07:19:19',471
'2022-09-27 15:41:53',471
'2022-09-27 15:41:53',471
'2022-09-29 08:14:08',471
'2022-09-30 12:49:24',471
'2022-10-04 16:43:04',471
'2022-10-04 16:43:04',471
'2022-10-04 21:25:15',471
'2022-10-05 13:25:50',471
'2022-10-05 13:25:50',471
'2022-10-05 13:33:50',471
'2022-10-05 17:59:27',471
'2022-10-05 19:01:25',471
'2022-10-06 10:51:20',471
'2022-10-06 11:40:16',471
'2022-10-06 17:32:40',471
'2022-10-07 15:30:43',471
'2022-10-10 10:27:22',471
'2022-10-10 12:06:19',471
'2022-10-10 12:25:08',471
'2022-10-10 12:32:21',471
'2022-10-10 13:26:10',471
'2022-10-10 13:52:26',471
'2022-10-10 14:29:12',471
'2022-10-10 15:38:45',471
'2022-10-10 16:19:54',471
'2022-10-10 16:34:50',471
'2022-10-10 16:34:50',471
'2022-10-11 08:08:39',471
'2022-10-11 09:04:42',471
'2022-10-11 10:57:50',471
'2022-10-11 12:48:01',471
'2022-10-12 09:05:41',471
'2022-10-12 10:35:41',471
'2022-10-12 16:45:50',471
'2022-10-12 16:55:30',471
'2022-10-12 21:22:04',471
'2022-10-13 04:48:20',471
'2022-10-13 09:39:56',471
'2022-10-13 14:23:01',471
'2022-10-13 23:29:25',471
'2022-10-14 09:26:55',471
'2022-10-14 13:34:37',471
'2022-10-14 18:11:54',471
'2022-10-17 09:46:30',471
'2022-10-18 10:34:46',471
'2022-10-18 13:25:17',471
'2022-10-18 17:59:41',471
'2022-10-18 17:59:41',471
'2022-10-18 19:59:09',471
'2022-10-19 14:19:01',471
'2022-10-19 14:19:01',471
'2022-10-19 14:19:01',471
'2022-10-20 11:14:03',471
'2022-10-20 15:03:19',471
'2022-10-20 18:11:43',471
'2022-10-21 07:25:53',471
'2022-10-21 09:16:35',471
'2022-10-21 15:28:06',471
'2022-10-21 23:10:41',471
'2022-10-23 20:09:20',471
'2022-10-24 15:11:49',471
'2022-10-25 06:49:47',471
'2022-10-25 06:54:08',471
'2022-10-26 16:04:00',471
'2022-10-27 13:21:34',471
'2022-10-28 13:56:48',471
'2022-10-29 21:41:26',471
'2022-10-29 21:41:26',471
'2022-10-31 04:23:10',471
'2022-10-31 10:48:56',471
'2022-10-31 16:54:55',471
'2022-11-02 15:03:35',471
'2022-11-02 17:00:27',471
'2022-11-02 17:00:27',471
'2022-11-03 17:34:16',471
'2022-11-04 05:52:14',471
'2022-11-06 00:00:00',472
'2022-11-06 00:00:19',472
'2022-11-06 00:00:19',472
'2022-11-06 19:51:20',472
'2022-11-07 04:16:15',472
'2022-11-07 14:24:56',472
'2022-11-07 19:20:37',472
'2022-11-08 03:12:58',472
'2022-11-08 06:14:16',472
'2022-11-09 15:57:29',472
'2022-11-10 09:53:50',472
'2022-11-10 13:20:29',472
'2022-11-10 18:36:03',472
'2022-11-14 14:56:48',472
'2022-11-15 03:05:01',472
'2022-11-15 11:42:33',472
'2022-11-16 08:35:00',472
'2022-11-16 08:35:00',472
'2022-11-16 12:11:58',472
'2022-11-16 12:46:07',472
'2022-11-16 13:04:06',472
'2022-11-16 13:04:06',472
'2022-11-17 08:48:22',472
'2022-11-17 10:37:24',472
'2022-11-21 14:11:15',472
'2022-11-22 14:23:52',472
'2022-11-23 13:25:54',472
'2022-11-23 20:03:11',472
'2022-11-24 11:59:11',472
'2022-11-24 13:29:37',472
'2022-11-24 15:08:20',472
'2022-11-26 14:10:39',472
'2022-11-28 12:37:55',472
'2022-11-29 15:11:51',472
'2022-11-29 16:08:10',472
'2022-11-29 19:22:55',472
'2022-11-30 10:57:01',472
'2022-11-30 13:50:17',472
'2022-12-01 17:29:53',472
'2022-12-02 09:36:00',472
'2022-12-02 10:05:57',472
'2022-12-05 12:56:47',472
'2022-12-06 04:38:47',472
'2022-12-06 08:21:04',472
'2022-12-07 12:38:27',472
'2022-12-08 13:56:38',472
'2022-12-09 13:33:49',472
'2022-12-12 06:13:22',472
'2022-12-13 01:03:38',472
'2022-12-13 18:34:25',472
'2022-12-13 23:49:11',472
'2022-12-14 09:01:10',472
'2022-12-14 11:15:28',472
'2022-12-14 18:05:42',472
'2022-12-15 00:21:37',472
'2022-12-16 13:25:30',472
'2022-12-17 08:01:20',472
'2022-12-19 23:53:06',472
'2022-12-19 23:53:06',472
'2022-12-19 23:53:06',472
'2022-12-19 23:53:06',472
'2022-12-19 23:53:06',472
'2022-12-22 14:43:29',472
'2022-12-23 08:17:11',472
'2022-12-23 08:17:11',472
'2022-12-26 14:37:31',472
'2022-12-27 12:30:41',472
'2022-12-28 10:41:41',472
'2022-12-28 14:10:49',472
'2022-12-29 07:24:41',472
'2023-01-02 10:32:18',472
'2023-01-03 15:08:12',472
'2023-01-04 19:27:32',472
'2023-01-04 20:52:04',472
'2023-01-05 02:57:42',472
'2023-01-07 10:42:18',472
'2023-01-07 12:26:02',472
'2023-01-07 21:57:39',472
'2023-01-09 11:27:54',472
'2023-01-09 15:47:46',472
'2023-01-09 15:47:46',472
'2023-01-10 04:29:27',472
'2023-01-11 16:36:07',472
'2023-01-12 02:00:14',472
'2023-01-12 09:53:42',472
'2023-01-16 13:12:40',472
'2023-01-18 20:31:29',472
'2023-01-20 00:44:59',472
'2023-01-20 19:32:26',472
'2023-01-22 13:51:37',472
'2023-01-23 17:54:36',472
'2023-01-24 11:04:53',472
'2023-01-24 12:25:42',472
'2023-01-24 13:06:40',472
'2023-01-24 15:30:39',472
'2023-01-24 15:57:57',472
'2023-01-25 12:53:51',472
'2023-01-25 15:58:21',472
'2023-01-27 11:11:58',472
'2023-01-27 22:28:33',472
'2023-01-30 08:44:12',472
'2023-01-31 12:42:41',472
'2023-02-02 13:44:19',472
'2023-02-02 13:58:27',472
'2023-02-05 15:00:56',472
'2023-02-06 10:15:48',472
'2023-02-06 23:06:17',472
'2023-02-07 08:04:16',472
'2023-02-07 08:24:10',472
'2023-02-07 11:44:56',472
'2023-02-09 09:31:50',472
'2023-02-09 15:48:20',472
'2023-02-10 10:39:08',472
'2023-02-10 17:42:10',472
'2023-02-11 03:32:18',472
'2023-02-12 16:23:21',472
'2023-02-13 14:17:22',472
'2023-02-14 09:37:19',472
'2023-02-14 12:44:07',472
'2023-02-14 17:08:22',472
'2023-02-15 21:35:45',472
'2023-02-15 21:44:13',472
'2023-02-16 16:44:20',472
'2023-02-17 00:10:56',472
'2023-02-17 10:36:29',472
'2023-02-17 11:15:05',472
'2023-02-20 13:18:55',472
'2023-02-20 13:52:52',472
'2023-02-22 05:37:16',472
'2023-02-22 12:44:07',472
'2023-02-23 10:37:27',472
'2023-02-23 16:33:26',472
'2023-02-23 16:48:09',472
'2023-02-24 05:14:25',472
'2023-02-27 21:49:48',472
'2023-02-28 12:33:54',472
'2023-03-01 03:42:34',472
'2023-03-01 15:46:43',472
'2023-03-01 15:46:43',472
'2023-03-02 12:17:31',472
'2023-03-02 19:52:20',472
'2023-03-03 12:06:52',472
'2023-03-03 14:58:15',472
'2023-03-05 13:47:27',472
'2023-03-06 11:35:58',472
'2023-03-06 16:01:52',472
'2023-03-07 08:02:15',472
'2023-03-07 14:06:44',472
'2023-03-07 17:42:20',472
'2023-03-08 11:07:34',472
'2023-03-08 19:29:04',472
'2023-03-08 22:31:36',472
'2023-03-09 10:12:31',472
'2023-03-10 01:10:38',472
'2023-03-10 01:53:08',472
'2023-03-10 09:56:00',472
'2023-03-10 10:30:57',472
'2023-03-14 13:50:11',472
'2023-03-15 06:12:47',472
'2023-03-15 12:48:49',472
'2023-03-15 21:01:59',472
'2023-03-16 03:30:57',472
'2023-03-16 08:27:04',472
'2023-03-16 22:00:32',472
'2023-03-17 20:47:39',472
'2023-03-18 09:53:22',472
'2023-03-18 12:57:16',472
'2023-03-20 17:26:10',472
'2023-03-20 18:25:53',472
'2023-03-21 09:35:43',472
'2023-03-21 09:35:43',472
'2023-03-22 13:38:29',472
'2023-03-22 14:36:22',472
'2023-03-23 09:27:49',472
'2023-03-23 12:28:01',472
'2023-03-24 12:06:54',472
'2023-03-24 13:28:44',472
'2023-03-24 13:45:07',472
'2023-03-26 19:38:54',472
'2023-03-27 07:37:56',472
'2023-03-27 07:37:56',472
'2023-03-27 08:39:19',472
'2023-03-27 09:22:54',472
'2023-03-27 09:23:47',472
'2023-03-27 09:23:47',472
'2023-03-27 09:26:07',472
'2023-03-27 09:27:44',472
'2023-03-27 09:30:40',472
'2023-03-27 09:34:49',472
'2023-03-27 09:35:38',472
'2023-03-27 09:37:28',472
'2023-03-27 09:43:44',472
'2023-03-27 09:52:41',472
'2023-03-27 10:03:48',472
'2023-03-27 10:10:13',472
'2023-03-27 11:15:21',472
'2023-03-27 11:28:42',472
'2023-03-27 12:08:45',472
'2023-03-27 12:13:46',472
'2023-03-27 13:34:18',472
'2023-03-27 13:34:20',472
'2023-03-27 13:35:13',472
'2023-03-27 13:41:32',472
'2023-03-27 13:56:18',472
'2023-03-27 14:20:36',472
'2023-03-27 19:11:55',472
'2023-03-28 08:28:18',472
'2023-03-28 08:43:26',472
'2023-03-28 08:59:57',472
'2023-03-28 09:55:08',472
'2023-03-28 11:45:43',472
'2023-03-29 07:59:48',472
'2023-03-29 10:05:33',472
'2023-03-29 11:11:04',472
'2023-03-29 11:12:57',472
'2023-03-29 12:02:55',472
'2023-03-29 15:59:43',472
'2023-03-29 19:07:51',472
'2023-03-29 21:36:40',472
'2023-03-30 08:09:40',472
'2023-03-30 11:15:09',472
'2023-03-31 04:10:52',472
'2023-03-31 06:57:38',472
'2023-03-31 06:57:38',472
'2023-04-01 03:55:35',472
'2023-04-01 23:39:39',472
'2023-04-02 09:16:37',472
'2023-04-02 13:22:16',472
'2023-04-03 16:51:48',472
'2023-04-04 09:42:34',472
'2023-04-04 20:53:30',472
'2023-04-05 07:45:11',472
'2023-04-05 10:29:04',472
'2023-04-06 12:01:11',472
'2023-04-06 12:07:14',472
'2023-04-06 14:14:37',472
'2023-04-07 16:18:14',472
'2023-04-10 07:24:45',472
'2023-04-10 13:19:29',472
'2023-04-10 18:51:02',472
'2023-04-11 04:35:03',472
'2023-04-12 11:21:03',472
'2023-04-12 11:53:24',472
'2023-04-12 18:33:28',472
'2023-04-13 17:59:33',472
'2023-04-14 07:30:29',472
'2023-04-17 08:01:17',472
'2023-04-18 12:29:21',472
'2023-04-19 09:10:06',472
'2023-04-19 10:30:05',472
