date,commits
'2018-01-01 00:00:00',1
'2018-01-01 00:00:00',2
'2018-01-01 00:00:00',3
'2018-01-01 00:00:00',4
'2018-01-01 00:00:00',5
'2018-01-01 00:00:00',6
'2018-01-01 00:00:00',7
'2018-01-01 00:00:00',7
'2018-01-01 00:00:00',8
'2018-01-01 00:00:00',9
'2018-01-01 00:00:00',10
'2018-01-01 00:00:00',11
'2018-01-01 00:00:00',12
'2018-01-01 00:00:00',13
'2018-01-01 00:00:00',14
'2018-01-01 00:00:00',15
'2018-01-01 00:00:00',15
'2018-01-01 00:00:00',16
'2018-01-01 00:00:00',17
'2018-01-01 00:00:00',17
'2018-01-01 00:00:00',17
'2018-01-01 00:00:00',18
'2018-01-01 00:00:00',19
'2018-01-01 00:00:00',20
'2018-01-01 00:00:00',20
'2018-01-01 00:00:00',21
'2018-01-01 00:00:00',22
'2018-01-01 00:00:00',23
'2018-01-01 00:00:00',24
'2018-01-01 00:00:00',25
'2018-01-01 00:00:00',26
'2018-01-01 00:00:00',26
'2018-01-01 00:00:00',26
'2018-01-01 00:00:00',26
'2018-01-01 00:00:00',27
'2018-01-01 00:00:00',28
'2018-01-01 00:00:00',28
'2018-01-01 00:00:00',29
'2018-01-01 00:00:00',30
'2018-01-01 00:00:00',31
'2018-01-01 00:00:00',32
'2018-01-01 00:00:00',33
'2018-01-01 00:00:00',34
'2018-01-01 00:00:00',35
'2018-01-01 00:00:00',35
'2018-01-01 00:00:00',36
'2018-01-01 00:00:00',37
'2018-01-01 00:00:00',38
'2018-01-01 00:00:00',39
'2018-01-01 00:00:00',39
'2018-01-01 00:00:00',40
'2018-01-01 00:00:00',40
'2018-01-01 00:00:00',41
'2018-01-01 00:00:00',42
'2018-01-01 00:00:00',43
'2018-01-01 00:00:00',44
'2018-01-01 00:00:00',45
'2018-01-01 00:00:00',46
'2018-01-01 00:00:00',47
'2018-01-01 00:00:00',48
'2018-01-01 00:00:00',49
'2018-01-01 00:00:00',50
'2018-01-01 00:00:00',51
'2018-01-01 00:00:00',51
'2018-01-01 00:00:00',52
'2018-01-01 00:00:00',53
'2018-01-01 00:00:00',54
'2018-01-01 00:00:00',55
'2018-01-01 00:00:00',56
'2018-01-01 00:00:00',57
'2018-01-01 00:00:00',58
'2018-01-01 00:00:00',58
'2018-01-01 00:00:00',59
'2018-01-01 00:00:00',60
'2018-01-01 00:00:00',60
'2018-01-01 00:00:00',61
'2018-01-01 00:00:00',61
'2018-01-01 00:00:00',62
'2018-01-01 00:00:00',63
'2018-01-01 00:00:00',64
'2018-01-01 00:00:00',65
'2018-01-01 00:00:00',66
'2018-01-01 00:00:00',67
'2018-01-01 00:00:00',68
'2018-01-01 00:00:00',69
'2018-01-01 00:00:00',70
'2018-01-01 00:00:00',71
'2018-01-01 00:00:00',72
'2018-01-01 00:00:00',73
'2018-01-01 00:00:00',74
'2018-01-01 00:00:00',74
'2018-01-01 00:00:00',74
'2018-01-01 00:00:00',74
'2018-01-01 00:00:00',74
'2018-01-01 00:00:00',74
'2018-01-01 00:00:00',74
'2018-01-01 00:00:00',74
'2018-01-01 00:00:00',75
'2018-01-01 00:00:00',75
'2018-01-01 00:00:00',75
'2018-01-01 00:00:00',75
'2018-01-01 00:00:00',75
'2018-01-01 00:00:00',75
'2018-01-01 00:00:00',75
'2018-01-01 00:00:00',75
'2018-01-01 00:00:00',75
'2018-01-01 00:00:00',75
'2018-01-01 00:00:00',75
'2018-01-01 00:00:00',75
'2018-01-01 00:00:00',75
'2018-01-01 00:00:00',75
'2018-01-01 00:00:00',75
'2018-01-01 00:00:00',75
'2018-01-01 00:00:00',75
'2018-01-01 00:00:00',75
'2018-01-01 00:00:00',75
'2018-01-01 00:00:00',75
'2018-01-01 00:00:00',75
'2018-01-01 00:00:00',75
'2018-01-01 00:00:00',75
'2018-01-01 00:00:00',75
'2018-01-01 00:00:00',76
'2018-01-01 00:00:00',76
'2018-01-01 00:00:00',76
'2018-01-01 00:00:00',76
'2018-01-01 00:00:00',76
'2018-01-01 00:00:00',76
'2018-01-01 00:00:00',76
'2018-01-01 00:00:00',76
'2018-01-01 00:00:00',77
'2018-01-01 00:00:00',77
'2018-01-01 00:00:00',77
'2018-01-01 00:00:00',77
'2018-01-01 00:00:00',77
'2018-01-01 00:00:00',77
'2018-01-01 00:00:00',77
'2018-01-01 00:00:00',77
'2018-01-01 00:00:00',77
'2018-01-01 00:00:00',77
'2018-01-01 00:00:00',77
'2018-01-01 00:00:00',77
'2018-01-01 00:00:00',77
'2018-01-01 00:00:00',77
'2018-01-01 00:00:00',77
'2018-01-01 00:00:00',77
'2018-01-01 00:00:00',77
'2018-01-01 00:00:00',77
'2018-01-01 00:00:00',77
'2018-01-01 00:00:00',77
'2018-01-01 00:00:00',77
'2018-01-01 00:00:00',78
'2018-01-01 00:00:00',78
'2018-01-01 00:00:00',78
'2018-01-01 00:00:00',79
'2018-01-01 00:00:00',79
'2018-01-01 00:00:00',79
'2018-01-01 00:00:00',79
'2018-01-01 00:00:00',79
'2018-01-01 00:00:00',79
'2018-01-01 00:00:00',79
'2018-01-01 00:00:00',79
'2018-01-01 00:00:00',79
'2018-01-01 00:00:00',79
'2018-01-10 12:47:11',79
'2018-02-11 00:00:00',79
'2018-02-11 00:00:00',79
'2018-02-11 00:00:00',79
'2018-02-11 00:00:00',79
'2018-02-11 00:00:00',79
'2018-02-11 00:00:00',79
'2018-02-11 00:00:00',79
'2018-02-11 00:00:00',79
'2018-02-11 00:00:00',79
'2018-02-11 00:00:00',79
'2018-02-11 00:00:00',79
'2018-02-11 00:00:00',79
'2018-02-11 00:00:00',79
'2018-02-11 00:00:00',79
'2018-02-11 00:00:00',79
'2018-02-11 00:00:00',79
'2018-02-11 00:00:00',80
'2018-02-11 00:00:00',80
'2018-02-11 00:00:00',81
'2018-02-11 00:00:00',81
'2018-02-11 00:00:00',81
'2018-02-12 22:55:08',81
'2018-02-12 22:55:08',81
'2018-02-12 22:55:08',81
'2018-02-13 10:51:48',81
'2018-02-13 10:51:48',81
'2018-02-13 17:22:50',81
'2018-02-18 00:00:00',82
'2018-02-18 00:00:00',83
'2018-02-18 00:00:00',83
'2018-02-18 00:00:00',83
'2018-02-18 00:00:00',83
'2018-02-18 09:48:51',83
'2018-02-23 12:17:04',83
'2018-02-23 12:17:04',83
'2018-02-27 12:47:35',83
'2018-03-11 00:00:00',83
'2018-03-11 00:00:00',83
'2018-03-11 00:00:00',83
'2018-03-11 00:00:00',83
'2018-03-11 00:00:00',83
'2018-03-11 00:00:00',83
'2018-03-11 00:00:00',83
'2018-04-11 09:02:50',83
'2018-04-15 00:00:00',83
'2018-04-15 00:00:00',83
'2018-04-15 00:00:00',83
'2018-04-15 00:00:00',83
'2018-04-15 00:00:00',83
'2018-04-15 00:00:00',83
'2018-04-15 00:00:00',83
'2018-04-15 00:00:00',83
'2018-04-15 00:00:00',83
'2018-04-15 00:00:00',83
'2018-04-15 00:00:00',83
'2018-04-15 00:00:00',83
'2018-04-15 00:00:00',83
'2018-04-15 00:00:00',83
'2018-04-15 00:00:00',83
'2018-04-15 00:00:00',83
'2018-04-15 00:00:00',83
'2018-04-15 00:00:00',83
'2018-04-15 00:00:00',83
'2018-04-15 00:00:00',83
'2018-04-15 00:00:00',83
'2018-04-15 00:00:00',83
'2018-04-15 00:00:00',83
'2018-04-15 00:00:00',83
'2018-04-15 00:00:00',83
'2018-04-15 00:00:00',83
'2018-04-15 00:00:00',83
'2018-04-15 00:00:00',83
'2018-04-15 00:00:00',83
'2018-04-15 00:00:00',83
'2018-04-15 00:00:00',83
'2018-04-15 00:00:00',83
'2018-04-15 00:00:00',83
'2018-04-15 00:00:00',83
'2018-04-15 00:00:00',83
'2018-04-15 00:00:00',83
'2018-04-15 00:00:00',83
'2018-04-15 00:00:00',83
'2018-04-15 00:00:00',83
'2018-04-15 00:00:00',83
'2018-04-15 00:00:00',83
'2018-04-15 00:00:00',83
'2018-04-15 00:00:00',83
'2018-04-15 00:00:00',83
'2018-04-15 00:00:00',83
'2018-04-15 00:00:00',83
'2018-04-15 00:00:00',83
'2018-04-15 00:00:00',83
'2018-04-15 00:00:00',83
'2018-04-15 00:00:00',83
'2018-04-15 00:00:00',83
'2018-04-15 00:00:00',83
'2018-04-15 00:00:00',83
'2018-04-15 00:00:00',83
'2018-04-15 00:00:00',83
'2018-04-15 00:00:00',83
'2018-04-15 00:00:00',83
'2018-04-15 00:00:00',83
'2018-04-15 00:00:00',83
'2018-04-15 00:00:00',83
'2018-04-15 00:00:00',83
'2018-04-15 00:00:00',83
'2018-04-15 00:00:00',83
'2018-04-15 00:00:00',83
'2018-04-15 00:00:00',83
'2018-04-15 00:00:00',83
'2018-04-15 00:00:00',83
'2018-04-15 00:00:00',83
'2018-04-15 00:00:00',83
'2018-04-25 13:08:25',83
'2018-05-07 12:38:53',83
'2018-05-07 12:38:53',83
'2018-05-07 12:38:53',83
'2018-05-07 12:38:53',83
'2018-05-07 12:38:53',83
'2018-05-07 12:38:53',83
'2018-05-07 12:38:53',83
'2018-05-07 12:38:53',83
'2018-05-07 12:38:53',83
'2018-05-07 12:38:53',83
'2018-05-07 12:38:53',83
'2018-05-07 12:38:53',83
'2018-05-07 12:38:53',83
'2018-05-07 12:38:53',83
'2018-05-07 12:38:53',83
'2018-05-07 12:38:53',83
'2018-05-07 12:38:53',83
'2018-05-07 12:38:53',83
'2018-05-07 12:38:53',83
'2018-05-07 12:38:53',83
'2018-05-07 12:38:53',83
'2018-05-07 12:38:53',83
'2018-05-07 12:38:53',83
'2018-05-07 12:38:53',83
'2018-05-07 12:38:53',83
'2018-05-07 12:38:53',83
'2018-05-07 12:38:53',83
'2018-05-07 12:38:53',83
'2018-05-07 12:38:53',83
'2018-05-07 12:38:53',83
'2018-05-07 12:38:53',83
'2018-05-07 12:38:53',83
'2018-05-07 12:38:53',83
'2018-05-07 12:38:53',83
'2018-05-07 12:38:53',83
'2018-05-07 12:38:53',83
'2018-05-07 12:38:53',83
'2018-05-07 12:38:53',83
'2018-05-07 12:38:53',83
'2018-05-07 12:38:53',83
'2018-05-07 12:38:53',83
'2018-05-07 12:38:53',83
'2018-05-07 12:38:53',83
'2018-05-07 12:38:53',83
'2018-05-07 12:38:53',83
'2018-05-07 12:38:53',83
'2018-05-07 12:38:53',83
'2018-05-07 12:38:53',83
'2018-05-07 12:38:53',83
'2018-05-07 12:38:53',83
'2018-05-07 12:38:53',83
'2018-05-07 12:38:53',83
'2018-05-07 12:38:53',83
'2018-05-07 12:38:53',83
'2018-05-07 12:38:53',83
'2018-05-07 12:38:53',83
'2018-05-07 12:38:53',83
'2018-05-07 12:38:53',83
'2018-05-07 12:38:53',83
'2018-05-07 12:38:53',83
'2018-05-07 12:38:53',83
'2018-05-07 12:38:53',83
'2018-05-07 12:38:53',83
'2018-05-07 12:38:53',83
'2018-05-07 12:38:53',83
'2018-05-07 12:38:53',83
'2018-05-07 12:38:53',83
'2018-05-07 12:38:53',83
'2018-05-07 12:38:53',83
'2018-05-07 12:38:53',83
'2018-05-07 12:38:53',83
'2018-05-07 12:38:53',83
'2018-05-07 12:38:53',83
'2018-05-07 12:38:53',83
'2018-05-07 12:38:53',83
'2018-05-07 12:38:53',83
'2018-05-07 12:38:53',83
'2018-05-07 12:38:53',83
'2018-05-07 12:38:53',83
'2018-05-07 12:38:53',83
'2018-05-07 12:38:53',83
'2018-05-07 12:38:53',83
'2018-05-07 12:38:53',83
'2018-05-07 12:38:53',83
'2018-05-07 12:38:53',83
'2018-05-07 12:38:53',83
'2018-05-07 12:38:53',83
'2018-05-07 12:38:53',83
'2018-05-07 12:38:53',83
'2018-05-07 12:38:53',83
'2018-05-07 12:38:53',83
'2018-05-07 12:38:53',83
'2018-05-07 12:38:53',83
'2018-05-07 12:38:53',83
'2018-05-07 12:38:53',83
'2018-05-07 12:38:53',83
'2018-05-20 00:00:00',83
'2018-05-20 00:00:00',83
'2018-05-23 08:54:43',83
'2018-05-27 00:00:00',83
'2018-05-27 00:00:00',83
'2018-05-28 10:25:49',83
'2018-05-28 10:25:49',83
'2018-05-28 14:50:01',83
'2018-06-03 00:00:00',83
'2018-06-03 00:00:00',83
'2018-06-03 00:00:00',83
'2018-06-03 00:00:00',83
'2018-06-03 00:00:00',83
'2018-06-03 00:00:00',83
'2018-06-03 15:58:20',83
'2018-06-10 00:00:00',83
'2018-06-11 15:58:17',83
'2018-06-11 15:58:17',83
'2018-06-14 02:23:54',83
'2018-06-14 02:23:54',83
'2018-06-14 19:39:36',83
'2018-06-22 20:03:30',83
'2018-07-06 11:56:42',83
'2018-07-11 04:04:54',83
'2018-07-16 12:21:07',83
'2018-07-17 23:51:54',83
'2018-07-30 13:57:03',83
'2018-08-07 11:45:18',83
'2018-08-07 11:45:18',83
'2018-08-09 13:38:11',83
'2018-08-14 12:16:49',83
'2018-08-14 12:16:49',83
'2018-08-20 20:21:00',83
'2018-08-20 20:22:15',83
'2018-08-21 08:25:19',83
'2018-08-22 17:45:19',83
'2018-08-28 08:11:30',83
'2018-08-28 08:11:30',83
'2018-08-28 08:11:30',83
'2018-09-06 13:54:41',83
'2018-09-06 13:54:41',83
'2018-09-09 00:00:00',83
'2018-09-11 10:45:12',83
'2018-09-11 11:27:39',83
'2018-09-16 00:00:00',83
'2018-09-16 00:00:00',83
'2018-09-16 00:00:00',83
'2018-09-17 11:09:06',83
'2018-09-20 10:02:55',83
'2018-09-20 20:50:48',83
'2018-09-23 00:00:00',83
'2018-09-23 00:00:00',83
'2018-09-23 00:00:00',83
'2018-10-05 10:38:27',83
'2018-10-05 10:38:27',83
'2018-10-05 10:38:27',83
'2018-10-05 13:45:49',83
'2018-10-05 15:10:45',83
'2018-10-08 01:15:59',83
'2018-10-08 01:56:57',83
'2018-10-09 18:08:45',83
'2018-10-10 17:19:02',83
'2018-10-10 17:19:02',83
'2018-10-10 18:41:05',83
'2018-10-10 20:37:58',83
'2018-10-14 00:00:00',83
'2018-10-18 08:00:07',83
'2018-10-21 00:00:00',83
'2018-10-21 00:00:00',83
'2018-10-21 00:00:00',83
'2018-10-21 00:00:00',83
'2018-10-21 00:00:00',83
'2018-10-22 11:56:40',83
'2018-10-22 14:50:05',83
'2018-10-23 08:25:41',83
'2018-10-25 21:47:47',83
'2018-10-25 21:47:47',83
'2018-10-29 20:23:04',83
'2018-10-31 08:33:58',83
'2018-11-06 08:11:19',83
'2018-11-11 00:00:00',84
'2018-11-14 09:34:37',84
'2018-11-14 09:41:17',84
'2018-11-18 00:00:00',84
'2018-11-18 00:00:00',84
'2018-11-18 00:00:00',84
'2018-11-18 00:00:00',84
'2018-11-18 00:00:00',84
'2018-11-18 00:00:00',84
'2018-11-18 00:00:00',84
'2018-11-18 00:00:00',84
'2018-11-18 00:00:00',84
'2018-11-18 00:00:00',84
'2018-11-18 00:00:00',84
'2018-11-18 00:00:00',84
'2018-11-18 00:00:00',84
'2018-11-18 00:00:00',84
'2018-11-18 00:00:00',84
'2018-11-18 00:00:00',84
'2018-11-18 00:00:00',84
'2018-11-18 00:00:00',84
'2018-11-18 00:00:00',84
'2018-11-18 00:00:00',84
'2018-11-18 00:00:00',84
'2018-11-18 00:00:00',84
'2018-11-18 00:00:00',84
'2018-11-18 00:00:00',84
'2018-11-18 00:00:00',84
'2018-11-18 00:00:00',84
'2018-11-18 00:00:00',84
'2018-11-18 00:00:00',84
'2018-11-18 00:00:00',84
'2018-11-18 00:00:00',84
'2018-11-18 00:00:00',84
'2018-11-18 00:00:00',84
'2018-11-18 00:00:00',84
'2018-11-18 00:00:00',84
'2018-11-18 00:00:00',84
'2018-11-18 00:00:00',84
'2018-11-18 00:00:00',84
'2018-11-18 00:00:00',84
'2018-11-18 00:00:00',84
'2018-11-18 00:00:00',84
'2018-11-18 00:00:00',84
'2018-11-18 00:00:00',84
'2018-11-18 00:00:00',84
'2018-11-21 10:00:06',84
'2018-11-22 18:31:22',84
'2018-11-25 00:00:00',84
'2018-12-04 09:12:07',84
'2018-12-10 13:21:41',84
'2018-12-12 15:25:29',84
'2018-12-18 13:34:31',84
'2019-01-11 12:54:58',84
'2019-01-18 19:14:20',84
'2019-01-24 12:07:51',84
'2019-01-30 11:00:48',84
'2019-01-30 11:44:22',84
'2019-01-30 18:33:38',84
'2019-01-30 18:33:38',84
'2019-01-31 10:26:39',84
'2019-02-13 15:25:01',84
'2019-02-14 14:10:30',84
'2019-02-17 14:39:08',84
'2019-02-18 19:59:38',84
'2019-02-19 11:40:28',84
'2019-02-19 11:40:28',84
'2019-02-19 16:01:23',84
'2019-02-21 10:45:11',84
'2019-02-25 10:50:05',84
'2019-02-26 17:28:20',84
'2019-03-01 09:47:48',84
'2019-03-03 00:00:00',84
'2019-03-03 00:00:00',84
'2019-03-03 00:00:00',84
'2019-03-03 00:00:00',84
'2019-03-05 08:48:16',84
'2019-03-07 10:26:01',84
'2019-03-10 00:00:00',84
'2019-03-10 00:00:00',84
'2019-03-10 00:00:00',84
'2019-03-10 00:00:00',84
'2019-03-10 00:00:00',84
'2019-03-10 00:00:00',84
'2019-03-10 00:00:00',84
'2019-03-10 00:00:00',84
'2019-03-10 00:00:00',84
'2019-03-10 00:00:00',84
'2019-03-13 12:57:38',84
'2019-03-18 20:24:59',84
'2019-03-24 00:00:00',84
'2019-03-24 00:00:00',85
'2019-03-25 15:26:13',85
'2019-03-29 11:01:22',85
'2019-04-02 08:27:18',85
'2019-04-07 00:00:00',86
'2019-04-07 00:00:00',86
'2019-04-07 00:00:00',86
'2019-04-07 00:00:00',86
'2019-04-08 03:04:13',86
'2019-04-09 07:06:35',86
'2019-04-09 21:56:40',86
'2019-04-10 14:52:44',86
'2019-04-10 18:01:46',86
'2019-04-12 13:17:59',86
'2019-04-15 11:55:25',86
'2019-04-28 00:00:00',86
'2019-04-28 00:00:00',86
'2019-04-28 00:00:00',86
'2019-04-28 00:00:00',86
'2019-04-28 00:00:00',86
'2019-04-28 00:00:00',86
'2019-04-28 00:00:00',86
'2019-04-28 00:00:00',86
'2019-04-29 12:07:28',86
'2019-04-30 07:50:13',86
'2019-05-02 23:15:05',86
'2019-05-16 14:13:48',86
'2019-05-19 00:00:00',87
'2019-05-21 09:20:44',87
'2019-05-21 09:20:44',87
'2019-05-22 13:23:31',87
'2019-05-24 08:39:09',87
'2019-05-24 14:16:54',87
'2019-05-29 18:22:45',87
'2019-06-02 00:00:00',88
'2019-06-04 14:24:36',88
'2019-06-13 18:23:08',88
'2019-06-16 23:21:33',88
'2019-06-20 16:17:43',88
'2019-06-27 01:37:44',88
'2019-07-06 15:45:08',88
'2019-07-08 09:53:22',88
'2019-07-08 12:58:06',88
'2019-07-10 16:06:01',88
'2019-07-14 00:00:00',88
'2019-07-14 00:00:00',88
'2019-07-15 22:04:50',88
'2019-07-16 00:23:54',88
'2019-07-17 03:55:04',88
'2019-07-21 00:00:00',88
'2019-07-21 00:00:00',88
'2019-07-21 00:00:00',89
'2019-07-21 00:00:00',89
'2019-07-21 00:00:00',89
'2019-07-21 00:00:00',89
'2019-07-21 00:00:00',89
'2019-07-21 00:00:00',89
'2019-07-21 00:00:00',89
'2019-07-21 00:00:00',89
'2019-07-21 00:00:00',89
'2019-07-21 00:00:00',89
'2019-07-21 00:00:00',89
'2019-07-21 00:00:00',89
'2019-07-21 00:00:00',89
'2019-07-21 00:00:00',89
'2019-07-21 00:00:00',89
'2019-07-21 00:00:00',89
'2019-07-21 00:00:00',89
'2019-07-21 00:00:00',89
'2019-07-21 00:00:00',89
'2019-07-21 00:00:00',89
'2019-07-21 00:00:00',89
'2019-07-21 00:00:00',89
'2019-07-21 00:00:00',89
'2019-07-21 00:00:00',89
'2019-07-21 00:00:00',89
'2019-07-21 00:00:00',89
'2019-07-21 00:00:00',89
'2019-07-21 00:00:00',89
'2019-07-21 00:00:00',89
'2019-07-21 00:00:00',89
'2019-07-21 00:00:00',89
'2019-07-21 00:00:00',89
'2019-07-21 00:00:00',89
'2019-07-21 00:00:00',89
'2019-07-21 00:00:00',89
'2019-07-21 00:00:00',89
'2019-07-21 00:00:00',89
'2019-07-21 00:00:00',89
'2019-07-21 00:00:00',89
'2019-07-21 00:00:00',89
'2019-07-21 00:00:00',89
'2019-07-21 00:00:00',89
'2019-07-21 00:00:00',89
'2019-07-21 00:00:00',89
'2019-07-21 00:00:00',89
'2019-07-21 00:00:00',89
'2019-07-21 00:00:00',89
'2019-07-21 00:00:00',89
'2019-07-21 00:00:00',89
'2019-07-21 00:00:00',89
'2019-07-21 00:00:00',89
'2019-07-21 00:00:00',89
'2019-07-21 00:00:00',89
'2019-07-21 00:00:00',89
'2019-07-21 00:00:00',89
'2019-07-21 00:00:00',89
'2019-07-21 00:00:00',90
'2019-07-21 00:00:00',90
'2019-07-21 00:00:00',90
'2019-07-21 00:00:00',90
'2019-07-21 00:00:00',90
'2019-07-21 00:00:00',90
'2019-07-21 00:00:00',90
'2019-07-21 00:00:00',90
'2019-07-21 00:00:00',90
'2019-07-21 00:00:00',91
'2019-07-21 00:00:00',91
'2019-07-21 00:00:00',91
'2019-07-21 00:00:00',91
'2019-07-21 00:00:00',91
'2019-07-21 00:00:00',91
'2019-07-21 00:00:00',91
'2019-07-21 00:00:00',91
'2019-07-21 00:00:00',91
'2019-07-21 00:00:00',91
'2019-07-21 00:00:00',91
'2019-07-21 00:00:00',91
'2019-07-21 00:00:00',91
'2019-07-21 00:00:00',91
'2019-07-21 00:00:00',91
'2019-07-21 00:00:00',91
'2019-07-21 00:00:00',91
'2019-07-21 00:00:00',91
'2019-07-21 00:00:00',91
'2019-07-21 00:00:00',91
'2019-07-21 00:00:00',91
'2019-07-21 00:00:00',91
'2019-07-21 00:00:00',91
'2019-07-21 00:00:00',91
'2019-07-21 00:00:00',91
'2019-07-21 00:00:00',91
'2019-07-21 00:00:00',91
'2019-07-21 00:00:00',91
'2019-07-25 20:55:50',91
'2019-07-26 14:45:31',91
'2019-07-27 17:02:50',91
'2019-07-27 17:02:50',91
'2019-07-27 17:02:50',91
'2019-07-28 07:20:50',91
'2019-07-30 06:27:58',91
'2019-08-02 15:46:38',91
'2019-08-07 22:02:59',91
'2019-08-08 15:17:19',91
'2019-08-09 12:24:06',91
'2019-08-09 14:12:26',91
'2019-08-13 12:21:33',91
'2019-08-16 13:43:00',91
'2019-08-21 08:49:42',91
'2019-08-23 15:08:10',91
'2019-08-23 15:48:33',91
'2019-08-25 00:00:00',92
'2019-08-25 00:00:00',93
'2019-08-25 00:00:00',94
'2019-08-25 00:00:00',95
'2019-08-28 20:29:07',95
'2019-09-09 21:34:58',95
'2019-09-15 00:00:00',96
'2019-09-16 08:09:57',96
'2019-09-16 21:38:24',96
'2019-09-18 14:47:46',96
'2019-09-19 09:54:35',96
'2019-09-19 12:53:15',96
'2019-09-19 15:17:09',96
'2019-09-24 06:54:28',96
'2019-09-24 08:57:59',96
'2019-09-24 16:41:19',96
'2019-09-25 19:26:40',96
'2019-10-02 04:13:20',96
'2019-10-02 17:26:20',96
'2019-10-03 13:57:12',96
'2019-10-03 15:59:08',96
'2019-10-04 18:31:19',96
'2019-10-07 10:58:24',96
'2019-10-09 13:20:05',96
'2019-10-11 09:39:11',96
'2019-10-11 09:39:11',96
'2019-10-14 14:57:54',96
'2019-10-14 20:42:24',96
'2019-10-16 16:27:34',96
'2019-10-16 23:08:15',96
'2019-10-19 20:54:41',96
'2019-10-22 10:05:43',96
'2019-10-23 11:03:53',96
'2019-10-29 10:16:00',96
'2019-10-29 16:26:43',96
'2019-10-31 14:59:37',96
'2019-11-04 16:50:04',96
'2019-11-05 17:47:19',96
'2019-11-06 04:45:07',96
'2019-11-06 17:41:35',96
'2019-11-07 19:38:46',96
'2019-11-07 20:59:18',96
'2019-11-08 05:17:23',96
'2019-11-09 11:27:26',96
'2019-11-09 11:27:26',96
'2019-11-11 14:20:41',96
'2019-11-12 02:41:37',96
'2019-11-17 00:00:00',97
'2019-11-19 15:37:19',97
'2019-11-19 18:33:32',97
'2019-11-20 17:20:25',97
'2019-11-20 19:47:33',97
'2019-11-20 20:07:01',97
'2019-11-20 20:07:01',97
'2019-11-20 20:07:01',97
'2019-11-20 20:07:01',97
'2019-11-21 16:05:00',97
'2019-11-25 08:12:02',97
'2019-12-03 14:07:33',97
'2019-12-03 14:07:33',97
'2019-12-03 14:07:33',97
'2019-12-03 14:17:03',97
'2019-12-03 14:17:03',97
'2019-12-05 09:03:10',97
'2019-12-06 10:22:00',97
'2019-12-10 12:29:40',97
'2019-12-10 12:29:40',97
'2019-12-10 12:29:40',97
'2019-12-11 16:12:51',97
'2019-12-18 16:31:32',97
'2019-12-19 20:18:26',97
'2019-12-20 09:27:21',97
'2019-12-21 03:28:59',97
'2019-12-21 03:28:59',97
'2019-12-22 07:18:42',97
'2019-12-31 14:44:47',97
'2020-01-02 14:09:05',97
'2020-01-06 07:32:46',97
'2020-01-12 00:00:00',97
'2020-01-15 17:24:17',97
'2020-01-20 08:55:35',97
'2020-01-20 08:55:35',97
'2020-01-20 08:55:35',97
'2020-01-20 14:03:06',97
'2020-01-22 12:06:34',97
'2020-01-27 13:01:19',97
'2020-01-27 13:01:19',97
'2020-01-27 13:01:19',97
'2020-01-27 13:01:19',97
'2020-01-27 13:28:32',97
'2020-01-28 09:32:57',97
'2020-01-28 22:58:21',97
'2020-01-29 08:40:41',97
'2020-01-30 17:15:54',97
'2020-01-30 18:00:09',97
'2020-02-03 16:22:57',97
'2020-02-04 12:06:44',97
'2020-02-06 16:03:15',97
'2020-02-06 22:24:56',97
'2020-02-07 08:21:06',97
'2020-02-07 14:35:11',97
'2020-02-07 14:35:11',97
'2020-02-12 14:09:47',97
'2020-02-16 21:36:34',97
'2020-02-17 16:59:30',97
'2020-02-17 18:56:41',97
'2020-02-19 11:36:33',97
'2020-02-19 19:37:13',97
'2020-02-20 12:02:06',97
'2020-02-21 16:44:31',97
'2020-02-21 16:44:31',97
'2020-02-21 16:44:31',97
'2020-02-21 16:44:31',97
'2020-02-21 16:44:31',97
'2020-02-24 15:29:06',97
'2020-02-24 15:29:06',97
'2020-02-24 22:35:44',97
'2020-02-24 22:35:44',97
'2020-02-26 20:37:54',97
'2020-02-27 12:48:57',97
'2020-02-28 10:55:11',97
'2020-02-28 14:31:10',97
'2020-02-28 16:55:11',97
'2020-03-01 00:00:00',98
'2020-03-02 13:11:22',98
'2020-03-03 04:46:40',98
'2020-03-03 21:05:12',98
'2020-03-04 03:25:23',98
'2020-03-04 20:25:17',98
'2020-03-05 10:19:09',98
'2020-03-06 13:12:43',98
'2020-03-06 13:12:43',98
'2020-03-09 16:09:06',98
'2020-03-15 00:00:00',98
'2020-03-15 00:00:00',99
'2020-03-16 12:37:15',99
'2020-03-17 23:09:53',99
'2020-03-19 16:57:51',99
'2020-03-20 00:19:40',99
'2020-03-21 03:00:55',99
'2020-03-23 10:35:06',99
'2020-03-23 14:43:41',99
'2020-03-23 19:44:16',99
'2020-03-25 07:55:12',99
'2020-03-25 14:27:47',99
'2020-03-25 14:27:47',99
'2020-03-25 14:27:47',99
'2020-03-25 14:27:47',99
'2020-03-25 14:27:47',99
'2020-03-28 03:20:31',99
'2020-03-29 00:00:00',99
'2020-03-29 00:00:00',99
'2020-03-29 00:00:00',99
'2020-03-29 00:00:00',99
'2020-03-29 00:00:00',99
'2020-03-29 00:00:00',99
'2020-03-29 23:15:41',99
'2020-04-03 03:33:47',99
'2020-04-03 09:23:44',99
'2020-04-08 00:51:22',99
'2020-04-11 12:33:07',99
'2020-04-11 12:53:52',99
'2020-04-11 19:49:24',99
'2020-04-13 14:40:43',99
'2020-04-14 15:45:08',99
'2020-04-14 19:38:13',99
'2020-04-14 19:38:13',99
'2020-04-17 04:02:57',99
'2020-04-21 11:32:29',99
'2020-04-22 09:57:07',99
'2020-04-27 20:59:37',99
'2020-04-27 23:20:09',99
'2020-04-30 16:07:07',99
'2020-05-14 12:04:45',99
'2020-05-14 22:41:24',99
'2020-05-18 14:35:14',99
'2020-05-25 23:32:22',99
'2020-05-25 23:32:22',99
'2020-05-27 09:05:04',99
'2020-05-27 22:51:35',99
'2020-05-28 12:09:11',99
'2020-05-28 19:02:37',99
'2020-05-29 10:08:35',99
'2020-06-03 06:31:41',99
'2020-06-03 17:08:46',99
'2020-06-04 21:16:30',99
'2020-06-04 21:16:30',99
'2020-06-08 19:06:09',99
'2020-06-08 19:06:09',99
'2020-06-09 09:33:56',99
'2020-06-09 13:09:20',99
'2020-06-11 15:14:44',99
'2020-06-11 15:47:09',99
'2020-06-14 11:59:38',99
'2020-06-14 11:59:38',99
'2020-06-19 09:03:10',99
'2020-06-25 14:08:59',99
'2020-06-25 14:08:59',99
'2020-07-01 09:52:08',99
'2020-07-05 12:15:42',99
'2020-07-06 10:23:16',99
'2020-07-06 13:41:43',99
'2020-07-11 01:58:50',99
'2020-07-12 00:00:00',99
'2020-07-14 13:02:16',99
'2020-07-15 12:16:24',99
'2020-07-15 12:16:24',99
'2020-07-15 15:16:33',99
'2020-07-15 15:37:23',99
'2020-07-17 03:42:36',99
'2020-07-19 03:09:27',99
'2020-07-21 04:48:03',99
'2020-07-21 12:22:55',99
'2020-07-22 11:12:31',99
'2020-07-22 13:05:59',99
'2020-07-23 12:02:00',99
'2020-07-30 08:07:47',99
'2020-07-30 08:07:47',99
'2020-07-30 08:07:47',99
'2020-07-30 14:18:15',99
'2020-07-30 20:07:13',99
'2020-08-06 10:23:56',99
'2020-08-06 16:11:25',99
'2020-08-06 16:11:25',99
'2020-08-15 00:15:42',99
'2020-08-17 08:15:38',99
'2020-08-18 08:06:34',99
'2020-08-30 00:00:00',99
'2020-08-30 00:00:00',99
'2020-08-30 00:00:00',99
'2020-08-30 17:13:05',99
'2020-08-30 17:13:05',99
'2020-08-31 08:22:34',99
'2020-08-31 08:22:34',99
'2020-08-31 08:22:34',99
'2020-09-01 01:54:03',99
'2020-09-01 10:48:13',99
'2020-09-01 14:56:17',99
'2020-09-02 21:30:00',99
'2020-09-03 15:56:54',99
'2020-09-04 08:18:26',99
'2020-09-05 20:28:21',99
'2020-09-09 09:48:40',99
'2020-09-10 05:56:41',99
'2020-09-10 05:56:41',99
'2020-09-10 05:56:41',99
'2020-09-11 07:14:07',99
'2020-09-14 03:58:54',99
'2020-09-14 11:13:19',99
'2020-09-14 11:13:19',99
'2020-09-15 12:05:25',99
'2020-09-24 10:51:32',99
'2020-09-26 19:24:20',99
'2020-09-26 19:24:20',99
'2020-09-26 19:24:20',99
'2020-09-29 16:00:56',99
'2020-09-30 10:52:39',99
'2020-10-02 22:07:28',99
'2020-10-04 23:51:23',99
'2020-10-06 14:08:35',99
'2020-10-07 11:02:23',99
'2020-10-07 11:02:23',99
'2020-10-07 11:02:23',99
'2020-10-12 20:54:49',99
'2020-10-13 07:35:35',99
'2020-10-14 08:56:33',99
'2020-10-14 11:26:53',99
'2020-10-15 19:01:22',99
'2020-10-16 03:51:55',99
'2020-10-21 00:49:00',99
'2020-10-23 23:45:39',99
'2020-10-25 14:21:09',99
'2020-10-27 06:35:44',99
'2020-10-28 09:12:41',99
'2020-10-28 09:12:41',99
'2020-10-28 21:02:11',99
'2020-10-28 21:02:11',99
'2020-10-29 09:41:11',99
'2020-10-29 11:30:43',99
'2020-10-29 16:24:42',99
'2020-11-02 10:44:52',99
'2020-11-05 16:15:19',99
'2020-11-05 16:15:19',99
'2020-11-08 00:00:00',99
'2020-11-09 10:13:30',99
'2020-11-09 15:01:37',99
'2020-11-13 17:34:50',99
'2020-11-15 07:19:31',99
'2020-11-19 01:51:27',99
'2020-11-21 17:43:02',99
'2020-11-22 00:00:00',99
'2020-11-22 00:00:00',99
'2020-11-22 00:00:00',99
'2020-11-24 07:46:28',99
'2020-11-25 11:57:45',99
'2020-11-25 14:21:32',99
'2020-11-25 14:21:32',99
'2020-11-25 20:26:27',99
'2020-11-26 02:29:37',99
'2020-12-01 11:40:35',99
'2020-12-02 04:59:31',99
'2020-12-02 10:10:01',99
'2020-12-04 07:35:09',99
'2020-12-04 13:05:09',99
'2020-12-04 15:32:22',99
'2020-12-08 17:10:52',99
'2020-12-09 15:29:03',99
'2020-12-10 10:07:53',99
'2020-12-10 10:07:53',99
'2020-12-10 15:02:35',99
'2020-12-12 07:43:47',99
'2020-12-14 09:05:30',99
'2020-12-14 14:25:46',99
'2020-12-17 16:20:18',99
'2020-12-17 23:02:10',99
'2020-12-18 03:10:04',99
'2020-12-18 14:05:26',99
'2020-12-21 18:38:31',99
'2021-01-06 10:19:28',99
'2021-01-06 10:47:01',99
'2021-01-10 00:00:00',99
'2021-01-10 00:00:00',99
'2021-01-10 21:21:56',99
'2021-01-11 09:56:13',99
'2021-01-13 14:44:58',99
'2021-01-13 16:16:27',99
'2021-01-13 21:02:40',99
'2021-01-14 08:03:01',99
'2021-01-15 10:08:39',99
'2021-01-15 10:08:39',99
'2021-01-17 15:20:31',99
'2021-01-18 14:41:49',99
'2021-01-19 18:13:23',99
'2021-01-21 11:52:02',99
'2021-01-22 09:18:23',99
'2021-01-25 19:26:24',99
'2021-01-29 17:00:25',99
'2021-01-29 17:00:25',99
'2021-02-01 09:46:15',99
'2021-02-01 09:46:15',99
'2021-02-01 09:46:15',99
'2021-02-01 10:56:04',99
'2021-02-01 10:56:04',99
'2021-02-03 10:00:17',99
'2021-02-03 10:00:17',99
'2021-02-03 10:33:04',99
'2021-02-03 13:52:28',99
'2021-02-04 13:15:55',99
'2021-02-04 16:26:03',99
'2021-02-04 17:59:33',99
'2021-02-05 00:04:10',99
'2021-02-05 00:04:10',99
'2021-02-07 10:34:38',99
'2021-02-09 09:28:20',99
'2021-02-11 13:43:09',99
'2021-02-11 20:35:05',99
'2021-02-11 20:35:05',99
'2021-02-13 04:49:41',99
'2021-02-14 06:36:19',99
'2021-02-16 18:49:25',99
'2021-02-18 18:34:06',99
'2021-02-20 16:10:51',99
'2021-02-22 14:00:52',99
'2021-02-23 10:23:27',99
'2021-02-24 17:23:36',99
'2021-02-24 19:16:01',99
'2021-02-27 08:22:07',99
'2021-03-02 14:23:23',99
'2021-03-02 16:40:01',99
'2021-03-03 21:25:22',99
'2021-03-03 23:07:31',99
'2021-03-04 19:46:07',99
'2021-03-05 09:10:18',99
'2021-03-07 05:30:09',99
'2021-03-07 05:30:09',99
'2021-03-08 10:10:02',99
'2021-03-08 14:37:33',99
'2021-03-08 20:13:49',99
'2021-03-10 10:42:49',99
'2021-03-11 06:33:11',99
'2021-03-12 10:37:11',99
'2021-03-12 15:21:50',99
'2021-03-15 12:46:00',99
'2021-03-16 08:22:19',99
'2021-03-16 16:38:16',99
'2021-03-22 01:25:21',99
'2021-03-22 11:05:04',99
'2021-03-22 14:24:00',99
'2021-03-22 15:05:26',99
'2021-03-23 08:35:44',99
'2021-03-23 19:21:02',99
'2021-03-23 19:21:02',99
'2021-03-24 02:30:46',99
'2021-03-25 16:02:42',99
'2021-03-30 09:08:09',99
'2021-04-05 04:48:32',99
'2021-04-05 17:54:59',99
'2021-04-12 12:28:19',99
'2021-04-13 08:43:01',99
'2021-04-14 19:10:42',99
'2021-04-19 11:56:03',99
'2021-04-19 14:05:17',99
'2021-04-19 14:05:17',99
'2021-04-21 15:32:32',99
'2021-04-23 02:58:29',99
'2021-04-27 10:29:15',99
'2021-04-27 14:46:54',99
'2021-04-29 05:20:22',99
'2021-04-30 02:05:43',99
'2021-05-01 01:17:11',99
'2021-05-02 11:55:55',99
'2021-05-03 21:56:59',99
'2021-05-07 09:47:53',99
'2021-05-09 00:00:00',99
'2021-05-13 12:58:27',99
'2021-05-13 17:16:49',99
'2021-05-14 13:51:08',99
'2021-05-18 08:04:45',99
'2021-05-18 17:57:31',99
'2021-05-25 08:58:19',99
'2021-05-27 03:38:57',99
'2021-05-29 17:35:45',99
'2021-05-30 00:00:00',99
'2021-05-30 00:00:00',99
'2021-05-30 00:00:00',99
'2021-05-31 15:06:38',99
'2021-06-01 06:36:19',99
'2021-06-01 11:39:20',99
'2021-06-04 03:57:59',99
'2021-06-08 09:30:23',99
'2021-06-09 00:27:19',99
'2021-06-09 07:22:41',99
'2021-06-10 21:30:43',99
'2021-06-11 07:13:55',99
'2021-06-11 22:33:59',99
'2021-06-15 05:35:45',99
'2021-06-15 05:35:45',99
'2021-06-16 21:06:17',99
'2021-06-17 16:01:13',99
'2021-06-17 17:24:48',99
'2021-06-19 04:33:42',99
'2021-06-20 00:00:00',99
'2021-06-20 00:00:00',99
'2021-06-20 17:36:18',99
'2021-06-22 00:38:46',99
'2021-06-22 14:54:03',99
'2021-06-22 14:54:03',99
'2021-06-23 11:06:08',99
'2021-06-25 10:44:42',99
'2021-06-25 23:59:51',99
'2021-06-26 13:02:35',99
'2021-06-29 23:44:28',99
'2021-06-30 06:47:49',99
'2021-06-30 12:27:31',99
'2021-07-05 08:03:40',99
'2021-07-07 13:32:23',99
'2021-07-08 02:32:56',99
'2021-07-08 06:56:09',99
'2021-07-08 06:56:09',99
'2021-07-08 13:17:41',99
'2021-07-09 01:13:46',99
'2021-07-14 10:18:41',99
'2021-07-15 08:16:12',99
'2021-07-15 09:16:30',99
'2021-07-16 12:08:54',99
'2021-07-18 00:00:00',100
'2021-07-18 00:00:00',101
'2021-07-20 13:36:00',101
'2021-07-20 15:30:02',101
'2021-07-21 13:28:05',101
'2021-07-22 13:30:11',101
'2021-07-25 13:16:32',101
'2021-07-26 12:44:47',101
'2021-07-26 16:23:25',101
'2021-07-26 16:23:25',101
'2021-07-27 13:35:54',101
'2021-07-28 08:55:47',101
'2021-07-30 21:35:01',101
'2021-08-02 14:07:22',101
'2021-08-02 14:07:22',101
'2021-08-03 14:16:49',101
'2021-08-04 00:01:04',101
'2021-08-05 19:16:10',101
'2021-08-05 19:16:10',101
'2021-08-06 09:37:34',101
'2021-08-08 00:00:00',101
'2021-08-10 01:14:32',101
'2021-08-13 06:37:40',101
'2021-08-15 09:44:29',101
'2021-08-18 08:21:47',101
'2021-08-19 09:19:47',101
'2021-08-20 11:42:05',101
'2021-08-20 13:42:55',101
'2021-08-20 15:53:12',101
'2021-08-24 14:27:21',101
'2021-08-24 14:27:21',101
'2021-08-27 21:38:33',101
'2021-08-27 22:03:46',101
'2021-08-30 03:35:19',101
'2021-08-30 11:23:49',101
'2021-08-31 11:12:49',101
'2021-08-31 11:12:49',101
'2021-09-02 14:18:52',101
'2021-09-03 13:39:00',101
'2021-09-03 15:30:17',101
'2021-09-13 06:04:22',101
'2021-09-13 09:56:46',101
'2021-09-14 13:28:09',101
'2021-09-15 13:39:28',101
'2021-09-16 09:25:21',101
'2021-09-19 20:53:54',101
'2021-09-20 17:13:57',101
'2021-09-22 19:59:07',101
'2021-09-22 22:58:55',101
'2021-09-24 04:24:38',101
'2021-09-24 08:18:13',101
'2021-09-24 08:18:13',101
'2021-09-26 22:31:24',101
'2021-09-29 22:40:05',101
'2021-09-30 06:45:36',101
'2021-09-30 19:29:32',101
'2021-09-30 19:29:32',101
'2021-10-06 01:03:28',101
'2021-10-06 11:25:26',101
'2021-10-08 01:54:23',101
'2021-10-11 13:54:32',101
'2021-10-13 08:53:56',101
'2021-10-13 10:27:12',101
'2021-10-13 13:48:08',101
'2021-10-13 14:03:06',101
'2021-10-14 12:59:50',101
'2021-10-14 14:54:45',101
'2021-10-18 08:07:52',101
'2021-10-18 22:11:29',101
'2021-10-19 13:50:41',101
'2021-10-24 00:00:00',101
'2021-10-26 13:11:58',101
'2021-10-27 09:33:05',101
'2021-10-27 11:26:14',101
'2021-10-27 12:48:33',101
'2021-10-27 13:52:05',101
'2021-10-29 15:13:42',101
'2021-10-31 00:00:00',101
'2021-11-01 23:08:45',101
'2021-11-04 16:36:03',101
'2021-11-08 10:08:05',101
'2021-11-08 15:35:32',101
'2021-11-09 02:30:07',101
'2021-11-13 11:51:57',101
'2021-11-14 20:52:13',101
'2021-11-15 13:48:05',101
'2021-11-15 13:48:05',101
'2021-11-15 14:32:45',101
'2021-11-17 13:47:18',101
'2021-11-18 13:52:23',101
'2021-11-18 13:52:23',101
'2021-11-19 02:48:58',101
'2021-11-19 16:16:59',101
'2021-11-22 16:34:47',101
'2021-11-25 10:52:26',101
'2021-11-26 06:17:47',101
'2021-11-26 09:59:29',101
'2021-11-27 23:18:03',101
'2021-11-29 17:14:07',101
'2021-11-30 11:54:48',101
'2021-11-30 13:45:00',101
'2021-12-03 12:07:55',101
'2021-12-04 16:43:57',101
'2021-12-06 21:54:31',101
'2021-12-07 08:05:30',101
'2021-12-07 13:55:55',101
'2021-12-08 07:46:18',101
'2021-12-08 20:57:22',101
'2021-12-09 12:41:44',101
'2021-12-09 16:46:16',101
'2021-12-10 11:16:47',101
'2021-12-10 19:38:08',101
'2021-12-13 12:09:23',101
'2021-12-17 13:24:02',101
'2021-12-22 02:49:24',101
'2021-12-22 12:39:58',101
'2021-12-22 14:27:35',101
'2021-12-22 21:39:39',101
'2021-12-30 09:59:27',101
'2022-01-04 13:52:33',101
'2022-01-05 04:56:45',101
'2022-01-10 21:10:53',101
'2022-01-12 04:17:27',101
'2022-01-13 13:29:00',101
'2022-01-13 15:42:25',101
'2022-01-17 17:03:49',101
'2022-01-17 21:40:00',101
'2022-01-19 02:57:23',101
'2022-01-20 14:09:55',101
'2022-01-20 18:47:48',101
'2022-01-21 11:07:47',101
'2022-01-21 14:46:39',101
'2022-01-21 17:24:50',101
'2022-01-24 12:46:30',101
'2022-01-25 00:07:32',101
'2022-01-27 07:21:04',101
'2022-01-27 09:58:36',101
'2022-01-27 10:36:51',101
'2022-01-27 14:49:27',101
'2022-01-28 08:22:41',101
'2022-01-31 06:42:02',101
'2022-01-31 11:25:34',101
'2022-01-31 15:43:42',101
'2022-02-01 07:13:57',101
'2022-02-01 17:34:00',101
'2022-02-02 17:11:01',101
'2022-02-03 01:45:44',101
'2022-02-03 09:54:29',101
'2022-02-04 13:25:25',101
'2022-02-04 22:11:18',101
'2022-02-07 16:26:06',101
'2022-02-08 00:28:01',101
'2022-02-08 15:52:29',101
'2022-02-09 12:13:14',101
'2022-02-09 22:20:30',101
'2022-02-10 07:02:05',101
'2022-02-10 23:45:58',101
'2022-02-10 23:45:58',101
'2022-02-15 06:07:05',101
'2022-02-18 14:35:06',101
'2022-02-18 19:27:04',101
'2022-02-18 22:57:11',101
'2022-02-20 00:00:00',101
'2022-02-21 15:43:30',101
'2022-02-21 17:06:28',101
'2022-02-22 00:29:02',101
'2022-02-22 08:58:34',101
'2022-02-22 13:13:02',101
'2022-02-23 18:17:13',101
'2022-02-27 00:00:00',101
'2022-02-28 08:12:13',101
'2022-02-28 10:21:19',101
'2022-03-01 13:05:16',101
'2022-03-01 15:10:41',101
'2022-03-01 16:53:52',101
'2022-03-01 22:52:49',101
'2022-03-03 07:24:38',101
'2022-03-04 10:05:20',101
'2022-03-06 13:23:17',101
'2022-03-07 07:22:57',101
'2022-03-07 08:54:56',101
'2022-03-07 17:06:12',101
'2022-03-07 19:19:44',101
'2022-03-07 20:47:09',101
'2022-03-07 22:40:33',101
'2022-03-08 08:57:03',101
'2022-03-08 12:51:58',101
'2022-03-08 17:30:26',101
'2022-03-09 17:18:31',101
'2022-03-10 21:39:46',101
'2022-03-11 00:09:13',101
'2022-03-13 00:00:00',102
'2022-03-14 14:21:47',102
'2022-03-14 15:25:36',102
'2022-03-14 21:21:09',102
'2022-03-15 12:49:33',102
'2022-03-16 00:15:49',102
'2022-03-16 00:15:49',102
'2022-03-16 11:30:33',102
'2022-03-16 12:04:39',102
'2022-03-17 16:43:25',102
'2022-03-18 09:00:19',102
'2022-03-18 16:59:28',102
'2022-03-18 17:28:01',102
'2022-03-19 01:20:02',102
'2022-03-21 09:16:16',102
'2022-03-21 15:01:49',102
'2022-03-23 07:47:38',102
'2022-03-23 07:47:38',102
'2022-03-23 14:51:40',102
'2022-03-24 11:16:35',102
'2022-03-24 14:12:43',102
'2022-03-24 19:15:50',102
'2022-03-27 00:00:00',102
'2022-03-31 07:57:38',102
'2022-03-31 09:46:57',102
'2022-03-31 23:16:35',102
'2022-04-01 08:19:19',102
'2022-04-05 06:39:36',102
'2022-04-05 15:40:40',102
'2022-04-05 20:20:58',102
'2022-04-06 11:54:40',102
'2022-04-06 16:45:25',102
'2022-04-07 15:08:33',102
'2022-04-07 15:08:33',102
'2022-04-07 15:08:33',102
'2022-04-08 05:23:28',102
'2022-04-08 05:23:28',102
'2022-04-11 20:56:16',102
'2022-04-13 13:12:09',102
'2022-04-19 05:19:52',102
'2022-04-20 08:02:06',102
'2022-04-22 12:04:30',102
'2022-04-22 12:25:25',102
'2022-04-25 13:58:21',102
'2022-04-25 18:59:39',102
'2022-04-25 21:26:22',102
'2022-04-25 21:26:22',102
'2022-04-27 07:36:02',102
'2022-04-27 07:36:02',102
'2022-04-27 23:05:33',102
'2022-04-28 00:06:00',102
'2022-04-28 08:35:57',102
'2022-04-29 11:47:40',102
'2022-04-29 19:23:13',102
'2022-04-29 19:23:13',102
'2022-04-29 22:30:17',102
'2022-04-30 11:00:32',102
'2022-05-02 08:46:36',102
'2022-05-04 06:39:59',102
'2022-05-04 18:07:14',102
'2022-05-06 11:54:13',102
'2022-05-06 19:12:20',102
'2022-05-07 16:19:13',102
'2022-05-07 17:27:55',102
'2022-05-09 11:37:17',102
'2022-05-10 21:19:37',102
'2022-05-10 21:19:37',102
'2022-05-11 05:24:57',102
'2022-05-11 05:24:57',102
'2022-05-11 05:24:57',102
'2022-05-12 09:11:28',102
'2022-05-12 10:45:24',102
'2022-05-14 21:45:09',102
'2022-05-16 12:14:49',102
'2022-05-16 20:03:50',102
'2022-05-17 12:07:34',102
'2022-05-17 14:18:13',102
'2022-05-18 07:53:50',102
'2022-05-18 11:36:10',102
'2022-05-18 15:02:29',102
'2022-05-19 09:32:10',102
'2022-05-19 16:35:29',102
'2022-05-19 21:53:13',102
'2022-05-24 20:54:51',102
'2022-05-26 15:42:56',102
'2022-05-30 14:00:08',102
'2022-06-01 12:44:23',102
'2022-06-04 22:23:51',102
'2022-06-04 22:23:51',102
'2022-06-04 22:23:51',102
'2022-06-07 13:11:31',102
'2022-06-08 18:54:45',102
'2022-06-10 13:47:01',102
'2022-06-13 09:57:38',102
'2022-06-13 10:36:45',102
'2022-06-13 10:36:45',102
'2022-06-13 10:36:45',102
'2022-06-13 12:25:48',102
'2022-06-14 06:35:29',102
'2022-06-15 05:06:05',102
'2022-06-15 17:22:31',102
'2022-06-15 22:44:58',102
'2022-06-16 13:00:33',102
'2022-06-17 17:51:21',102
'2022-06-21 09:33:29',102
'2022-06-21 11:19:44',102
'2022-06-23 09:48:35',102
'2022-06-24 10:49:48',102
'2022-06-24 15:25:38',102
'2022-06-24 15:25:38',102
'2022-06-27 07:24:22',102
'2022-07-01 07:28:13',102
'2022-07-05 07:56:35',102
'2022-07-05 07:56:35',102
'2022-07-05 18:38:10',102
'2022-07-06 14:11:23',102
'2022-07-06 15:49:01',102
'2022-07-07 10:36:55',102
'2022-07-07 14:50:34',102
'2022-07-10 00:00:00',103
'2022-07-10 00:00:00',103
'2022-07-11 10:04:11',103
'2022-07-11 12:55:27',103
'2022-07-11 13:38:27',103
'2022-07-11 18:22:33',103
'2022-07-11 18:22:33',103
'2022-07-12 16:37:19',103
'2022-07-13 14:45:02',103
'2022-07-13 20:47:15',103
'2022-07-14 07:12:24',103
'2022-07-14 07:12:24',103
'2022-07-14 13:05:57',103
'2022-07-15 08:37:41',103
'2022-07-15 13:03:21',103
'2022-07-15 18:57:03',103
'2022-07-18 21:47:50',103
'2022-07-18 21:47:50',103
'2022-07-20 12:25:26',103
'2022-07-20 15:38:51',103
'2022-07-26 11:48:50',103
'2022-07-26 11:48:50',103
'2022-07-26 11:48:50',103
'2022-07-26 11:48:50',103
'2022-07-26 11:48:50',103
'2022-07-27 07:58:28',103
'2022-07-27 07:58:28',103
'2022-07-27 14:47:33',103
'2022-07-27 18:30:08',103
'2022-07-28 07:24:16',103
'2022-07-28 16:34:16',103
'2022-07-29 18:46:13',103
'2022-07-31 01:30:13',103
'2022-08-01 05:28:29',103
'2022-08-01 05:28:29',103
'2022-08-01 18:26:45',103
'2022-08-02 18:14:26',103
'2022-08-02 21:35:51',103
'2022-08-08 08:06:37',103
'2022-08-09 17:02:49',103
'2022-08-10 14:50:48',103
'2022-08-12 18:01:39',103
'2022-08-14 03:03:15',103
'2022-08-16 20:44:53',103
'2022-08-18 08:12:39',103
'2022-08-18 11:54:27',103
'2022-08-19 07:30:00',103
'2022-08-19 19:09:20',103
'2022-08-21 00:00:00',103
'2022-08-21 00:00:00',104
'2022-08-21 00:00:00',104
'2022-08-21 00:00:00',105
'2022-08-21 00:00:00',105
'2022-08-22 06:54:19',105
'2022-08-22 14:14:09',105
'2022-08-23 19:15:05',105
'2022-08-23 19:17:53',105
'2022-08-23 21:03:08',105
'2022-08-24 11:37:34',105
'2022-08-24 13:35:09',105
'2022-08-25 13:22:19',105
'2022-08-25 13:22:19',105
'2022-08-25 13:22:19',105
'2022-08-25 13:40:54',105
'2022-08-26 08:27:36',105
'2022-08-26 13:17:07',105
'2022-08-29 07:22:59',105
'2022-08-30 02:01:30',105
'2022-08-31 03:14:18',105
'2022-08-31 13:09:59',105
'2022-09-01 05:17:41',105
'2022-09-02 05:11:51',105
'2022-09-06 09:59:41',105
'2022-09-06 09:59:41',105
'2022-09-07 08:39:25',105
'2022-09-07 08:39:25',105
'2022-09-08 07:08:59',105
'2022-09-08 07:08:59',105
'2022-09-09 02:45:23',105
'2022-09-10 07:43:33',105
'2022-09-10 07:51:21',105
'2022-09-12 23:09:03',105
'2022-09-13 17:45:45',105
'2022-09-14 10:05:46',105
'2022-09-14 10:05:46',105
'2022-09-14 19:37:48',105
'2022-09-14 21:55:34',105
'2022-09-15 12:48:29',105
'2022-09-16 13:11:33',105
'2022-09-16 14:23:20',105
'2022-09-19 07:50:46',105
'2022-09-19 07:50:46',105
'2022-09-20 07:47:14',105
'2022-09-21 05:29:10',105
'2022-09-22 13:41:43',105
'2022-09-23 03:41:46',105
'2022-09-23 11:01:30',105
'2022-09-23 16:13:12',105
'2022-09-23 18:48:45',105
'2022-09-23 23:17:31',105
'2022-09-24 05:12:53',105
'2022-09-26 12:19:08',105
'2022-09-26 14:05:44',105
'2022-09-27 07:19:19',105
'2022-09-27 15:41:53',105
'2022-09-27 15:41:53',105
'2022-09-29 08:14:08',105
'2022-09-30 12:49:24',105
'2022-10-04 16:43:04',105
'2022-10-04 16:43:04',105
'2022-10-04 21:25:15',105
'2022-10-05 13:25:50',105
'2022-10-05 13:25:50',105
'2022-10-05 13:33:50',105
'2022-10-05 17:59:27',105
'2022-10-05 19:01:25',105
'2022-10-06 10:51:20',105
'2022-10-06 11:40:16',105
'2022-10-06 17:32:40',105
'2022-10-07 15:30:43',105
'2022-10-10 10:27:22',105
'2022-10-10 12:06:19',105
'2022-10-10 12:25:08',105
'2022-10-10 12:32:21',105
'2022-10-10 13:26:10',105
'2022-10-10 13:52:26',105
'2022-10-10 14:29:12',105
'2022-10-10 15:38:45',105
'2022-10-10 16:19:54',105
'2022-10-10 16:34:50',105
'2022-10-10 16:34:50',105
'2022-10-11 08:08:39',105
'2022-10-11 09:04:42',105
'2022-10-11 10:57:50',105
'2022-10-11 12:48:01',105
'2022-10-12 09:05:41',105
'2022-10-12 10:35:41',105
'2022-10-12 16:45:50',105
'2022-10-12 16:55:30',105
'2022-10-12 21:22:04',105
'2022-10-13 04:48:20',105
'2022-10-13 09:39:56',105
'2022-10-13 14:23:01',105
'2022-10-13 23:29:25',105
'2022-10-14 09:26:55',105
'2022-10-14 13:34:37',105
'2022-10-14 18:11:54',105
'2022-10-17 09:46:30',105
'2022-10-18 10:34:46',105
'2022-10-18 13:25:17',105
'2022-10-18 17:59:41',105
'2022-10-18 17:59:41',105
'2022-10-18 19:59:09',105
'2022-10-19 14:19:01',105
'2022-10-19 14:19:01',105
'2022-10-19 14:19:01',105
'2022-10-20 11:14:03',105
'2022-10-20 15:03:19',105
'2022-10-20 18:11:43',105
'2022-10-21 07:25:53',105
'2022-10-21 09:16:35',105
'2022-10-21 15:28:06',105
'2022-10-21 23:10:41',105
'2022-10-23 20:09:20',105
'2022-10-24 15:11:49',105
'2022-10-25 06:49:47',105
'2022-10-25 06:54:08',105
'2022-10-26 16:04:00',105
'2022-10-27 13:21:34',105
'2022-10-28 13:56:48',105
'2022-10-29 21:41:26',105
'2022-10-29 21:41:26',105
'2022-10-31 04:23:10',105
'2022-10-31 10:48:56',105
'2022-10-31 16:54:55',105
'2022-11-02 15:03:35',105
'2022-11-02 17:00:27',105
'2022-11-02 17:00:27',105
'2022-11-03 17:34:16',105
'2022-11-04 05:52:14',105
'2022-11-06 00:00:00',105
'2022-11-06 00:00:19',105
'2022-11-06 00:00:19',105
'2022-11-06 19:51:20',105
'2022-11-07 04:16:15',105
'2022-11-07 14:24:56',105
'2022-11-07 19:20:37',105
'2022-11-08 03:12:58',105
'2022-11-08 06:14:16',105
'2022-11-09 15:57:29',105
'2022-11-10 09:53:50',105
'2022-11-10 13:20:29',105
'2022-11-10 18:36:03',105
'2022-11-14 14:56:48',105
'2022-11-15 03:05:01',105
'2022-11-15 11:42:33',105
'2022-11-16 08:35:00',105
'2022-11-16 08:35:00',105
'2022-11-16 12:11:58',105
'2022-11-16 12:46:07',105
'2022-11-16 13:04:06',105
'2022-11-16 13:04:06',105
'2022-11-17 08:48:22',105
'2022-11-17 10:37:24',105
'2022-11-21 14:11:15',105
'2022-11-22 14:23:52',105
'2022-11-23 13:25:54',105
'2022-11-23 20:03:11',105
'2022-11-24 11:59:11',105
'2022-11-24 13:29:37',105
'2022-11-24 15:08:20',105
'2022-11-26 14:10:39',105
'2022-11-28 12:37:55',105
'2022-11-29 15:11:51',105
'2022-11-29 16:08:10',105
'2022-11-29 19:22:55',105
'2022-11-30 10:57:01',105
'2022-11-30 13:50:17',105
'2022-12-01 17:29:53',105
'2022-12-02 09:36:00',105
'2022-12-02 10:05:57',105
'2022-12-05 12:56:47',105
'2022-12-06 04:38:47',105
'2022-12-06 08:21:04',105
'2022-12-07 12:38:27',105
'2022-12-08 13:56:38',105
'2022-12-09 13:33:49',105
'2022-12-12 06:13:22',105
'2022-12-13 01:03:38',105
'2022-12-13 18:34:25',105
'2022-12-13 23:49:11',105
'2022-12-14 09:01:10',105
'2022-12-14 11:15:28',105
'2022-12-14 18:05:42',105
'2022-12-15 00:21:37',105
'2022-12-16 13:25:30',105
'2022-12-17 08:01:20',105
'2022-12-19 23:53:06',105
'2022-12-19 23:53:06',105
'2022-12-19 23:53:06',105
'2022-12-19 23:53:06',105
'2022-12-19 23:53:06',105
'2022-12-22 14:43:29',105
'2022-12-23 08:17:11',105
'2022-12-23 08:17:11',105
'2022-12-26 14:37:31',105
'2022-12-27 12:30:41',105
'2022-12-28 10:41:41',105
'2022-12-28 14:10:49',105
'2022-12-29 07:24:41',105
'2023-01-02 10:32:18',105
'2023-01-03 15:08:12',105
'2023-01-04 19:27:32',105
'2023-01-04 20:52:04',105
'2023-01-05 02:57:42',105
'2023-01-07 10:42:18',105
'2023-01-07 12:26:02',105
'2023-01-07 21:57:39',105
'2023-01-09 11:27:54',105
'2023-01-09 15:47:46',105
'2023-01-09 15:47:46',105
'2023-01-10 04:29:27',105
'2023-01-11 16:36:07',105
'2023-01-12 02:00:14',105
'2023-01-12 09:53:42',105
'2023-01-16 13:12:40',105
'2023-01-18 20:31:29',105
'2023-01-20 00:44:59',105
'2023-01-20 19:32:26',105
'2023-01-22 13:51:37',105
'2023-01-23 17:54:36',105
'2023-01-24 11:04:53',105
'2023-01-24 12:25:42',105
'2023-01-24 13:06:40',105
'2023-01-24 15:30:39',105
'2023-01-24 15:57:57',105
'2023-01-25 12:53:51',105
'2023-01-25 15:58:21',105
'2023-01-27 11:11:58',105
'2023-01-27 22:28:33',105
'2023-01-30 08:44:12',105
'2023-01-31 12:42:41',105
'2023-02-02 13:44:19',105
'2023-02-02 13:58:27',105
'2023-02-05 15:00:56',105
'2023-02-06 10:15:48',105
'2023-02-06 23:06:17',105
'2023-02-07 08:04:16',105
'2023-02-07 08:24:10',105
'2023-02-07 11:44:56',105
'2023-02-09 09:31:50',105
'2023-02-09 15:48:20',105
'2023-02-10 10:39:08',105
'2023-02-10 17:42:10',105
'2023-02-11 03:32:18',105
'2023-02-12 16:23:21',105
'2023-02-13 14:17:22',105
'2023-02-14 09:37:19',105
'2023-02-14 12:44:07',105
'2023-02-14 17:08:22',105
'2023-02-15 21:35:45',105
'2023-02-15 21:44:13',105
'2023-02-16 16:44:20',105
'2023-02-17 00:10:56',105
'2023-02-17 10:36:29',105
'2023-02-17 11:15:05',105
'2023-02-20 13:18:55',105
'2023-02-20 13:52:52',105
'2023-02-22 05:37:16',105
'2023-02-22 12:44:07',105
'2023-02-23 10:37:27',105
'2023-02-23 16:33:26',105
'2023-02-23 16:48:09',105
'2023-02-24 05:14:25',105
'2023-02-27 21:49:48',105
'2023-02-28 12:33:54',105
'2023-03-01 03:42:34',105
'2023-03-01 15:46:43',105
'2023-03-01 15:46:43',105
'2023-03-02 12:17:31',105
'2023-03-02 19:52:20',105
'2023-03-03 12:06:52',105
'2023-03-03 14:58:15',105
'2023-03-05 13:47:27',105
'2023-03-06 11:35:58',105
'2023-03-06 16:01:52',105
'2023-03-07 08:02:15',105
'2023-03-07 14:06:44',105
'2023-03-07 17:42:20',105
'2023-03-08 11:07:34',105
'2023-03-08 19:29:04',105
'2023-03-08 22:31:36',105
'2023-03-09 10:12:31',105
'2023-03-10 01:10:38',105
'2023-03-10 01:53:08',105
'2023-03-10 09:56:00',105
'2023-03-10 10:30:57',105
'2023-03-14 13:50:11',105
'2023-03-15 06:12:47',105
'2023-03-15 12:48:49',105
'2023-03-15 21:01:59',105
'2023-03-16 03:30:57',105
'2023-03-16 08:27:04',105
'2023-03-16 22:00:32',105
'2023-03-17 20:47:39',105
'2023-03-18 09:53:22',105
'2023-03-18 12:57:16',105
'2023-03-20 17:26:10',105
'2023-03-20 18:25:53',105
'2023-03-21 09:35:43',105
'2023-03-21 09:35:43',105
'2023-03-22 13:38:29',105
'2023-03-22 14:36:22',105
'2023-03-23 09:27:49',105
'2023-03-23 12:28:01',105
'2023-03-24 12:06:54',105
'2023-03-24 13:28:44',105
'2023-03-24 13:45:07',105
'2023-03-26 19:38:54',105
'2023-03-27 07:37:56',105
'2023-03-27 07:37:56',105
'2023-03-27 08:39:19',105
'2023-03-27 09:22:54',105
'2023-03-27 09:23:47',105
'2023-03-27 09:23:47',105
'2023-03-27 09:26:07',105
'2023-03-27 09:27:44',105
'2023-03-27 09:30:40',105
'2023-03-27 09:34:49',105
'2023-03-27 09:35:38',105
'2023-03-27 09:37:28',105
'2023-03-27 09:43:44',105
'2023-03-27 09:52:41',105
'2023-03-27 10:03:48',105
'2023-03-27 10:10:13',105
'2023-03-27 11:15:21',105
'2023-03-27 11:28:42',105
'2023-03-27 12:08:45',105
'2023-03-27 12:13:46',105
'2023-03-27 13:34:18',105
'2023-03-27 13:34:20',105
'2023-03-27 13:35:13',105
'2023-03-27 13:41:32',105
'2023-03-27 13:56:18',105
'2023-03-27 14:20:36',105
'2023-03-27 19:11:55',105
'2023-03-28 08:28:18',105
'2023-03-28 08:43:26',105
'2023-03-28 08:59:57',105
'2023-03-28 09:55:08',105
'2023-03-28 11:45:43',105
'2023-03-29 07:59:48',105
'2023-03-29 10:05:33',105
'2023-03-29 11:11:04',105
'2023-03-29 11:12:57',105
'2023-03-29 12:02:55',105
'2023-03-29 15:59:43',105
'2023-03-29 19:07:51',105
'2023-03-29 21:36:40',105
'2023-03-30 08:09:40',105
'2023-03-30 11:15:09',105
'2023-03-31 04:10:52',105
'2023-03-31 06:57:38',105
'2023-03-31 06:57:38',105
'2023-04-01 03:55:35',105
'2023-04-01 23:39:39',105
'2023-04-02 09:16:37',105
'2023-04-02 13:22:16',105
'2023-04-03 16:51:48',105
'2023-04-04 09:42:34',105
'2023-04-04 20:53:30',105
'2023-04-05 07:45:11',105
'2023-04-05 10:29:04',105
'2023-04-06 12:01:11',105
'2023-04-06 12:07:14',105
'2023-04-06 14:14:37',105
'2023-04-07 16:18:14',105
'2023-04-10 07:24:45',105
'2023-04-10 13:19:29',105
'2023-04-10 18:51:02',105
'2023-04-11 04:35:03',105
'2023-04-12 11:21:03',105
'2023-04-12 11:53:24',105
'2023-04-12 18:33:28',105
'2023-04-13 17:59:33',105
'2023-04-14 07:30:29',105
'2023-04-17 08:01:17',105
'2023-04-18 12:29:21',105
'2023-04-19 09:10:06',105
'2023-04-19 10:30:05',105
